"","name","Yr","AvgSlPr"
"1","ALASKA JUNCTION",1982,80284.2083333333
"2","ALASKA JUNCTION",1983,61973.9130434783
"3","ALASKA JUNCTION",1984,68651.5151515152
"4","ALASKA JUNCTION",1985,73544.4864864865
"5","ALASKA JUNCTION",1986,78851.2295081967
"6","ALASKA JUNCTION",1987,80011.8947368421
"7","ALASKA JUNCTION",1988,83376.875
"8","ALASKA JUNCTION",1989,111199.038461538
"9","ALASKA JUNCTION",1990,143282.096774194
"10","ALASKA JUNCTION",1991,156428.272727273
"11","ALASKA JUNCTION",1992,142909.537444934
"12","ALASKA JUNCTION",1993,140212.495098039
"13","ALASKA JUNCTION",1994,145337.713592233
"14","ALASKA JUNCTION",1995,152835.335
"15","ALASKA JUNCTION",1996,165764.028846154
"16","ALASKA JUNCTION",1997,179794.026431718
"17","ALASKA JUNCTION",1998,197628.996078431
"18","ALASKA JUNCTION",1999,227273.033088235
"19","ALASKA JUNCTION",2000,251875.535087719
"20","ALASKA JUNCTION",2001,272292.089494163
"21","ALASKA JUNCTION",2002,283547.929166667
"22","ALASKA JUNCTION",2003,309785.808163265
"23","ALASKA JUNCTION",2004,352259.04
"24","ALASKA JUNCTION",2005,408509.93877551
"25","ALASKA JUNCTION",2006,431943.119617225
"26","ALASKA JUNCTION",2007,497641.834080717
"27","ALASKA JUNCTION",2008,462452.723076923
"28","ALASKA JUNCTION",2009,413773.460431655
"29","ALASKA JUNCTION",2010,399252.753246753
"30","ALASKA JUNCTION",2011,388243.75
"31","ALASKA JUNCTION",2012,415923.653631285
"32","ALASKA JUNCTION",2013,450572.131067961
"33","ALASKA JUNCTION",2014,490513.86631016
"34","ALASKA JUNCTION",2015,586326.820276498
"35","ALASKA JUNCTION",2016,617429.307291667
"36","ALASKA JUNCTION",2017,700298.846153846
"37","ALASKA JUNCTION",2018,748825.242236025
"38","ALKI",1982,68333.3333333333
"39","ALKI",1983,101828.571428571
"40","ALKI",1984,112407.095238095
"41","ALKI",1985,123309.259259259
"42","ALKI",1986,118950
"43","ALKI",1987,110162.870967742
"44","ALKI",1988,155098.837837838
"45","ALKI",1989,188829.166666667
"46","ALKI",1990,196397.5
"47","ALKI",1991,297906.060606061
"48","ALKI",1992,217146.585365854
"49","ALKI",1993,211153.032786885
"50","ALKI",1994,217059.333333333
"51","ALKI",1995,242160.459016393
"52","ALKI",1996,253200.649350649
"53","ALKI",1997,278722.322580645
"54","ALKI",1998,296426.25
"55","ALKI",1999,338473.12371134
"56","ALKI",2000,422039.12244898
"57","ALKI",2001,399144.255555556
"58","ALKI",2002,503771.588235294
"59","ALKI",2003,461076.956043956
"60","ALKI",2004,507057.051020408
"61","ALKI",2005,632016.904347826
"62","ALKI",2006,641396.942307692
"63","ALKI",2007,764699.4
"64","ALKI",2008,718061.595744681
"65","ALKI",2009,653278.436363636
"66","ALKI",2010,585775.969230769
"67","ALKI",2011,555460.830769231
"68","ALKI",2012,532702
"69","ALKI",2013,602620.141414141
"70","ALKI",2014,766955.712765957
"71","ALKI",2015,790305.902912621
"72","ALKI",2016,935327.839694656
"73","ALKI",2017,1000045.5046729
"74","ALKI",2018,1027201.41666667
"75","BALLARD NORTH",1970,45750
"76","BALLARD NORTH",1977,30000
"77","BALLARD NORTH",1978,48400
"78","BALLARD NORTH",1981,83000
"79","BALLARD NORTH",1982,93447.5384615385
"80","BALLARD NORTH",1983,91685.9555555556
"81","BALLARD NORTH",1984,91769.0747663551
"82","BALLARD NORTH",1985,95960.8595041322
"83","BALLARD NORTH",1986,98354.8741721854
"84","BALLARD NORTH",1987,97872.1602209945
"85","BALLARD NORTH",1988,105384.829931973
"86","BALLARD NORTH",1989,130242.85
"87","BALLARD NORTH",1990,175508.795918367
"88","BALLARD NORTH",1991,173182.889447236
"89","BALLARD NORTH",1992,162585.847715736
"90","BALLARD NORTH",1993,162700.489655172
"91","BALLARD NORTH",1994,164257.625461255
"92","BALLARD NORTH",1995,171810.920074349
"93","BALLARD NORTH",1996,184693.359531773
"94","BALLARD NORTH",1997,200378.219512195
"95","BALLARD NORTH",1998,229822.663817664
"96","BALLARD NORTH",1999,266593.035413153
"97","BALLARD NORTH",2000,286321.781094527
"98","BALLARD NORTH",2001,299549.738410596
"99","BALLARD NORTH",2002,329016.549230769
"100","BALLARD NORTH",2003,345961.542028986
"101","BALLARD NORTH",2004,390960.206395349
"102","BALLARD NORTH",2005,442933.995348837
"103","BALLARD NORTH",2006,507904.606112054
"104","BALLARD NORTH",2007,565986.434343434
"105","BALLARD NORTH",2008,518900.80839895
"106","BALLARD NORTH",2009,467978.928
"107","BALLARD NORTH",2010,468946.132596685
"108","BALLARD NORTH",2011,446928.487534626
"109","BALLARD NORTH",2012,478572.686774942
"110","BALLARD NORTH",2013,539682.902482269
"111","BALLARD NORTH",2014,589912.041431262
"112","BALLARD NORTH",2015,659973.55904059
"113","BALLARD NORTH",2016,736944.554347826
"114","BALLARD NORTH",2017,824183.703153989
"115","BALLARD NORTH",2018,891847.011160714
"116","BALLARD SOUTH",1982,72191.6666666667
"117","BALLARD SOUTH",1983,72264.3333333333
"118","BALLARD SOUTH",1984,70088.4375
"119","BALLARD SOUTH",1985,69765.1351351351
"120","BALLARD SOUTH",1986,78851.6326530612
"121","BALLARD SOUTH",1987,93293.0487804878
"122","BALLARD SOUTH",1988,87339.2790697674
"123","BALLARD SOUTH",1989,122595.089285714
"124","BALLARD SOUTH",1990,140431.244897959
"125","BALLARD SOUTH",1991,141961.06557377
"126","BALLARD SOUTH",1992,139169.326086957
"127","BALLARD SOUTH",1993,133843.712121212
"128","BALLARD SOUTH",1994,143409.091891892
"129","BALLARD SOUTH",1995,157504.137724551
"130","BALLARD SOUTH",1996,153540.051136364
"131","BALLARD SOUTH",1997,165545.107317073
"132","BALLARD SOUTH",1998,214043.384615385
"133","BALLARD SOUTH",1999,226502.155963303
"134","BALLARD SOUTH",2000,261810.551351351
"135","BALLARD SOUTH",2001,282603.651041667
"136","BALLARD SOUTH",2002,282641.60326087
"137","BALLARD SOUTH",2003,315232.098130841
"138","BALLARD SOUTH",2004,372473.186666667
"139","BALLARD SOUTH",2005,411129.181395349
"140","BALLARD SOUTH",2006,455069.746666667
"141","BALLARD SOUTH",2007,533094.484848485
"142","BALLARD SOUTH",2008,483931.381578947
"143","BALLARD SOUTH",2009,393089.340740741
"144","BALLARD SOUTH",2010,437439.70212766
"145","BALLARD SOUTH",2011,405138.933333333
"146","BALLARD SOUTH",2012,451864.518072289
"147","BALLARD SOUTH",2013,478502.38647343
"148","BALLARD SOUTH",2014,578263.139013453
"149","BALLARD SOUTH",2015,646139.209386282
"150","BALLARD SOUTH",2016,718866.579124579
"151","BALLARD SOUTH",2017,816544.501285347
"152","BALLARD SOUTH",2018,888760.2
"153","BITTERLAKE",1981,97500
"154","BITTERLAKE",1982,83075.4615384615
"155","BITTERLAKE",1983,94778.5714285714
"156","BITTERLAKE",1984,99414.4571428571
"157","BITTERLAKE",1985,96755.0833333333
"158","BITTERLAKE",1986,113623.234375
"159","BITTERLAKE",1987,113637.37804878
"160","BITTERLAKE",1988,128948.125
"161","BITTERLAKE",1989,473452.72972973
"162","BITTERLAKE",1990,160167.073529412
"163","BITTERLAKE",1991,191191.118811881
"164","BITTERLAKE",1992,182372.804444444
"165","BITTERLAKE",1993,185111.671232877
"166","BITTERLAKE",1994,175723.571428571
"167","BITTERLAKE",1995,194224.148717949
"168","BITTERLAKE",1996,183178.827906977
"169","BITTERLAKE",1997,235131.87037037
"170","BITTERLAKE",1998,250883.673306773
"171","BITTERLAKE",1999,265595.495192308
"172","BITTERLAKE",2000,289424.38277512
"173","BITTERLAKE",2001,284490.706666667
"174","BITTERLAKE",2002,331818.88559322
"175","BITTERLAKE",2003,339112.652719665
"176","BITTERLAKE",2004,358130.109433962
"177","BITTERLAKE",2005,435382.651639344
"178","BITTERLAKE",2006,492804.144736842
"179","BITTERLAKE",2007,560398.79144385
"180","BITTERLAKE",2008,462555.772357724
"181","BITTERLAKE",2009,416636.275862069
"182","BITTERLAKE",2010,447716.707602339
"183","BITTERLAKE",2011,424837.398601399
"184","BITTERLAKE",2012,438968.485875706
"185","BITTERLAKE",2013,451038.219626168
"186","BITTERLAKE",2014,522262.412621359
"187","BITTERLAKE",2015,563635.11637931
"188","BITTERLAKE",2016,648753.134328358
"189","BITTERLAKE",2017,696327.099601594
"190","BITTERLAKE",2018,803682.344262295
"191","BRIGHTON/DUNLAP",1982,48714.2857142857
"192","BRIGHTON/DUNLAP",1983,55985.3571428571
"193","BRIGHTON/DUNLAP",1984,60066.8181818182
"194","BRIGHTON/DUNLAP",1985,52096.275862069
"195","BRIGHTON/DUNLAP",1986,59188.5769230769
"196","BRIGHTON/DUNLAP",1987,58286.7647058823
"197","BRIGHTON/DUNLAP",1988,62152.8846153846
"198","BRIGHTON/DUNLAP",1989,66604.1956521739
"199","BRIGHTON/DUNLAP",1990,92842.6530612245
"200","BRIGHTON/DUNLAP",1991,88775.1956521739
"201","BRIGHTON/DUNLAP",1992,91182.7109375
"202","BRIGHTON/DUNLAP",1993,96350.4140625
"203","BRIGHTON/DUNLAP",1994,90072.9212598425
"204","BRIGHTON/DUNLAP",1995,94071.984496124
"205","BRIGHTON/DUNLAP",1996,98531.649122807
"206","BRIGHTON/DUNLAP",1997,109078.073825503
"207","BRIGHTON/DUNLAP",1998,124280.262569832
"208","BRIGHTON/DUNLAP",1999,143190.705128205
"209","BRIGHTON/DUNLAP",2000,202911.697142857
"210","BRIGHTON/DUNLAP",2001,170272.748031496
"211","BRIGHTON/DUNLAP",2002,187593.777777778
"212","BRIGHTON/DUNLAP",2003,183649.310126582
"213","BRIGHTON/DUNLAP",2004,281538.574257426
"214","BRIGHTON/DUNLAP",2005,255800.443349754
"215","BRIGHTON/DUNLAP",2006,315772.159090909
"216","BRIGHTON/DUNLAP",2007,723774.167539267
"217","BRIGHTON/DUNLAP",2008,259264.109756098
"218","BRIGHTON/DUNLAP",2009,271871.492957746
"219","BRIGHTON/DUNLAP",2010,232899.578125
"220","BRIGHTON/DUNLAP",2011,313890.85915493
"221","BRIGHTON/DUNLAP",2012,214782.37704918
"222","BRIGHTON/DUNLAP",2013,330150.513513513
"223","BRIGHTON/DUNLAP",2014,288844.319148936
"224","BRIGHTON/DUNLAP",2015,372383.798701299
"225","BRIGHTON/DUNLAP",2016,398011.029761905
"226","BRIGHTON/DUNLAP",2017,490048.375
"227","BRIGHTON/DUNLAP",2018,529892.941176471
"228","CAPITOL HILL",1982,88000
"229","CAPITOL HILL",1984,95600
"230","CAPITOL HILL",1986,92431
"231","CAPITOL HILL",1987,92900
"232","CAPITOL HILL",1988,97500
"233","CAPITOL HILL",1989,190687.5
"234","CAPITOL HILL",1990,104000
"235","CAPITOL HILL",1991,248720.571428571
"236","CAPITOL HILL",1992,139000
"237","CAPITOL HILL",1993,144516.157894737
"238","CAPITOL HILL",1994,155277.777777778
"239","CAPITOL HILL",1995,213475
"240","CAPITOL HILL",1996,149333
"241","CAPITOL HILL",1997,259069.411764706
"242","CAPITOL HILL",1998,212546
"243","CAPITOL HILL",1999,810963.411764706
"244","CAPITOL HILL",2000,371150
"245","CAPITOL HILL",2001,647450
"246","CAPITOL HILL",2002,410309.611111111
"247","CAPITOL HILL",2003,489212.722222222
"248","CAPITOL HILL",2004,486300
"249","CAPITOL HILL",2005,783918.421052632
"250","CAPITOL HILL",2006,748294.444444444
"251","CAPITOL HILL",2007,634462.954545455
"252","CAPITOL HILL",2008,501237.916666667
"253","CAPITOL HILL",2009,526247.222222222
"254","CAPITOL HILL",2010,583777.777777778
"255","CAPITOL HILL",2011,564057.142857143
"256","CAPITOL HILL",2012,589940.357142857
"257","CAPITOL HILL",2013,782114.266666667
"258","CAPITOL HILL",2014,808700
"259","CAPITOL HILL",2015,1230022.81818182
"260","CAPITOL HILL",2016,1273291.5
"261","CAPITOL HILL",2017,1017205.97058824
"262","CAPITOL HILL",2018,1453113.18181818
"263","CENTRAL AREA/SQUIRE PARK",1975,2000
"264","CENTRAL AREA/SQUIRE PARK",1981,30000
"265","CENTRAL AREA/SQUIRE PARK",1982,47489.9166666667
"266","CENTRAL AREA/SQUIRE PARK",1983,68980.6363636364
"267","CENTRAL AREA/SQUIRE PARK",1984,56211.6666666667
"268","CENTRAL AREA/SQUIRE PARK",1985,55544.275862069
"269","CENTRAL AREA/SQUIRE PARK",1986,51794.303030303
"270","CENTRAL AREA/SQUIRE PARK",1987,61306
"271","CENTRAL AREA/SQUIRE PARK",1988,62461.4827586207
"272","CENTRAL AREA/SQUIRE PARK",1989,68035.7192982456
"273","CENTRAL AREA/SQUIRE PARK",1990,109108.163636364
"274","CENTRAL AREA/SQUIRE PARK",1991,110167.530612245
"275","CENTRAL AREA/SQUIRE PARK",1992,106845.451428571
"276","CENTRAL AREA/SQUIRE PARK",1993,108460.770491803
"277","CENTRAL AREA/SQUIRE PARK",1994,109885.008547009
"278","CENTRAL AREA/SQUIRE PARK",1995,120113.822966507
"279","CENTRAL AREA/SQUIRE PARK",1996,128928.064814815
"280","CENTRAL AREA/SQUIRE PARK",1997,148511.36
"281","CENTRAL AREA/SQUIRE PARK",1998,181464.125
"282","CENTRAL AREA/SQUIRE PARK",1999,221031.030172414
"283","CENTRAL AREA/SQUIRE PARK",2000,246863.687782805
"284","CENTRAL AREA/SQUIRE PARK",2001,271663.605769231
"285","CENTRAL AREA/SQUIRE PARK",2002,273374.832684825
"286","CENTRAL AREA/SQUIRE PARK",2003,297392.112403101
"287","CENTRAL AREA/SQUIRE PARK",2004,342441.780864198
"288","CENTRAL AREA/SQUIRE PARK",2005,379805.917491749
"289","CENTRAL AREA/SQUIRE PARK",2006,469315.260536398
"290","CENTRAL AREA/SQUIRE PARK",2007,487509.535211268
"291","CENTRAL AREA/SQUIRE PARK",2008,505221.579710145
"292","CENTRAL AREA/SQUIRE PARK",2009,382923.819767442
"293","CENTRAL AREA/SQUIRE PARK",2010,390137.405594406
"294","CENTRAL AREA/SQUIRE PARK",2011,494185.403614458
"295","CENTRAL AREA/SQUIRE PARK",2012,482227.35978836
"296","CENTRAL AREA/SQUIRE PARK",2013,516916.126923077
"297","CENTRAL AREA/SQUIRE PARK",2014,562190.061728395
"298","CENTRAL AREA/SQUIRE PARK",2015,616795.363636364
"299","CENTRAL AREA/SQUIRE PARK",2016,752047.063492064
"300","CENTRAL AREA/SQUIRE PARK",2017,1025063.12840467
"301","CENTRAL AREA/SQUIRE PARK",2018,911783.420289855
"302","CLAREMONT/RAINIER VISTA",1982,55000
"303","CLAREMONT/RAINIER VISTA",1983,45200
"304","CLAREMONT/RAINIER VISTA",1984,46125
"305","CLAREMONT/RAINIER VISTA",1985,50410
"306","CLAREMONT/RAINIER VISTA",1986,45666.6666666667
"307","CLAREMONT/RAINIER VISTA",1987,37458.25
"308","CLAREMONT/RAINIER VISTA",1988,92633.3333333333
"309","CLAREMONT/RAINIER VISTA",1989,59537.5
"310","CLAREMONT/RAINIER VISTA",1990,71653.7333333333
"311","CLAREMONT/RAINIER VISTA",1991,97865.7142857143
"312","CLAREMONT/RAINIER VISTA",1992,69403.6153846154
"313","CLAREMONT/RAINIER VISTA",1993,67800.9259259259
"314","CLAREMONT/RAINIER VISTA",1994,83703.7777777778
"315","CLAREMONT/RAINIER VISTA",1995,105742.592592593
"316","CLAREMONT/RAINIER VISTA",1996,88635.3392857143
"317","CLAREMONT/RAINIER VISTA",1997,97786.7924528302
"318","CLAREMONT/RAINIER VISTA",1998,111714.95
"319","CLAREMONT/RAINIER VISTA",1999,147809.338709677
"320","CLAREMONT/RAINIER VISTA",2000,163525.325581395
"321","CLAREMONT/RAINIER VISTA",2001,161157
"322","CLAREMONT/RAINIER VISTA",2002,186983.020408163
"323","CLAREMONT/RAINIER VISTA",2003,192314.928571429
"324","CLAREMONT/RAINIER VISTA",2004,237025
"325","CLAREMONT/RAINIER VISTA",2005,1170458.55555556
"326","CLAREMONT/RAINIER VISTA",2006,343001.6875
"327","CLAREMONT/RAINIER VISTA",2007,332102.078947368
"328","CLAREMONT/RAINIER VISTA",2008,343870.761904762
"329","CLAREMONT/RAINIER VISTA",2009,285957.35
"330","CLAREMONT/RAINIER VISTA",2010,322920.409090909
"331","CLAREMONT/RAINIER VISTA",2011,238405.766666667
"332","CLAREMONT/RAINIER VISTA",2012,286755.722222222
"333","CLAREMONT/RAINIER VISTA",2013,408053.646464646
"334","CLAREMONT/RAINIER VISTA",2014,322152.054794521
"335","CLAREMONT/RAINIER VISTA",2015,456710.6
"336","CLAREMONT/RAINIER VISTA",2016,519508.131147541
"337","CLAREMONT/RAINIER VISTA",2017,662800.625
"338","CLAREMONT/RAINIER VISTA",2018,685076.162162162
"339","COLUMBIA CITY",1982,64983.3333333333
"340","COLUMBIA CITY",1983,50725
"341","COLUMBIA CITY",1984,64519.3333333333
"342","COLUMBIA CITY",1985,51014.2857142857
"343","COLUMBIA CITY",1986,61786.1176470588
"344","COLUMBIA CITY",1987,51346.4285714286
"345","COLUMBIA CITY",1988,45917.8666666667
"346","COLUMBIA CITY",1989,63253.5714285714
"347","COLUMBIA CITY",1990,76421.0526315789
"348","COLUMBIA CITY",1991,87262.5
"349","COLUMBIA CITY",1992,99393.6724137931
"350","COLUMBIA CITY",1993,91380.5409836066
"351","COLUMBIA CITY",1994,103545.538461538
"352","COLUMBIA CITY",1995,113130.936507937
"353","COLUMBIA CITY",1996,109256.433333333
"354","COLUMBIA CITY",1997,109659.06557377
"355","COLUMBIA CITY",1998,135199
"356","COLUMBIA CITY",1999,165404.061728395
"357","COLUMBIA CITY",2000,204640.057971014
"358","COLUMBIA CITY",2001,201962.012987013
"359","COLUMBIA CITY",2002,235829.534090909
"360","COLUMBIA CITY",2003,257545.62962963
"361","COLUMBIA CITY",2004,268071.580645161
"362","COLUMBIA CITY",2005,317948.597701149
"363","COLUMBIA CITY",2006,382817.463768116
"364","COLUMBIA CITY",2007,388022.985714286
"365","COLUMBIA CITY",2008,434026.636363636
"366","COLUMBIA CITY",2009,326427.243243243
"367","COLUMBIA CITY",2010,314926.648648649
"368","COLUMBIA CITY",2011,302653.84375
"369","COLUMBIA CITY",2012,340873.910714286
"370","COLUMBIA CITY",2013,354343.152542373
"371","COLUMBIA CITY",2014,408583.12
"372","COLUMBIA CITY",2015,563406.2625
"373","COLUMBIA CITY",2016,594262.393258427
"374","COLUMBIA CITY",2017,678330.489795918
"375","COLUMBIA CITY",2018,729656.103448276
"376","EASTLAKE - EAST",1984,95000
"377","EASTLAKE - EAST",1985,181250
"378","EASTLAKE - EAST",1986,309202.2
"379","EASTLAKE - EAST",1987,553166.666666667
"380","EASTLAKE - EAST",1988,160000
"381","EASTLAKE - EAST",1989,778500
"382","EASTLAKE - EAST",1990,460000
"383","EASTLAKE - EAST",1992,572500
"384","EASTLAKE - EAST",1993,360750
"385","EASTLAKE - EAST",1994,138871.5
"386","EASTLAKE - EAST",1995,290576
"387","EASTLAKE - EAST",1996,771161.111111111
"388","EASTLAKE - EAST",1997,807750
"389","EASTLAKE - EAST",1998,512000
"390","EASTLAKE - EAST",1999,715497.3
"391","EASTLAKE - EAST",2000,877525
"392","EASTLAKE - EAST",2001,640600
"393","EASTLAKE - EAST",2002,637500
"394","EASTLAKE - EAST",2003,860700
"395","EASTLAKE - EAST",2004,1101502.85714286
"396","EASTLAKE - EAST",2005,1322568.66666667
"397","EASTLAKE - EAST",2006,1195416.66666667
"398","EASTLAKE - EAST",2007,1187669.09090909
"399","EASTLAKE - EAST",2008,816182
"400","EASTLAKE - EAST",2009,710520.833333333
"401","EASTLAKE - EAST",2010,711645.833333333
"402","EASTLAKE - EAST",2011,601166.666666667
"403","EASTLAKE - EAST",2012,1124500
"404","EASTLAKE - EAST",2013,1414990
"405","EASTLAKE - EAST",2014,2370250
"406","EASTLAKE - EAST",2015,1869880.2
"407","EASTLAKE - EAST",2016,1186125
"408","EASTLAKE - EAST",2017,1655666.66666667
"409","EASTLAKE - EAST",2018,2609149
"410","EASTLAKE - WEST",1982,77250
"411","EASTLAKE - WEST",1983,27638.4615384615
"412","EASTLAKE - WEST",1984,68214.3333333333
"413","EASTLAKE - WEST",1985,75833.3333333333
"414","EASTLAKE - WEST",1986,124625
"415","EASTLAKE - WEST",1987,88000
"416","EASTLAKE - WEST",1988,155000
"417","EASTLAKE - WEST",1989,147373.5
"418","EASTLAKE - WEST",1990,1129970.43478261
"419","EASTLAKE - WEST",1991,185000
"420","EASTLAKE - WEST",1992,164690
"421","EASTLAKE - WEST",1993,192114.615384615
"422","EASTLAKE - WEST",1994,293312.2
"423","EASTLAKE - WEST",1995,198417.875
"424","EASTLAKE - WEST",1996,1815373.95454545
"425","EASTLAKE - WEST",1997,307733.333333333
"426","EASTLAKE - WEST",1998,275509.090909091
"427","EASTLAKE - WEST",1999,1052463.27272727
"428","EASTLAKE - WEST",2000,312276.470588235
"429","EASTLAKE - WEST",2001,336125
"430","EASTLAKE - WEST",2002,481810
"431","EASTLAKE - WEST",2003,443342.307692308
"432","EASTLAKE - WEST",2004,523900
"433","EASTLAKE - WEST",2005,711996.555555556
"434","EASTLAKE - WEST",2006,522646.5
"435","EASTLAKE - WEST",2007,691725.733333333
"436","EASTLAKE - WEST",2008,725682.285714286
"437","EASTLAKE - WEST",2009,561504.166666667
"438","EASTLAKE - WEST",2010,547104.444444444
"439","EASTLAKE - WEST",2011,245861.363636364
"440","EASTLAKE - WEST",2012,776108.666666667
"441","EASTLAKE - WEST",2013,1011812.5
"442","EASTLAKE - WEST",2014,777556.944444444
"443","EASTLAKE - WEST",2015,1133239.4516129
"444","EASTLAKE - WEST",2016,1975282.71794872
"445","EASTLAKE - WEST",2017,1427408.92307692
"446","EASTLAKE - WEST",2018,1243846.2962963
"447","FAUNTLEROY SW",1965,12950
"448","FAUNTLEROY SW",1982,125160.714285714
"449","FAUNTLEROY SW",1983,114808.620689655
"450","FAUNTLEROY SW",1984,124066.827586207
"451","FAUNTLEROY SW",1985,96410
"452","FAUNTLEROY SW",1986,134555.1
"453","FAUNTLEROY SW",1987,129268.75
"454","FAUNTLEROY SW",1988,145406.162790698
"455","FAUNTLEROY SW",1989,144678.777777778
"456","FAUNTLEROY SW",1990,261222.5
"457","FAUNTLEROY SW",1991,180509.375
"458","FAUNTLEROY SW",1992,190016.191489362
"459","FAUNTLEROY SW",1993,212135.747663551
"460","FAUNTLEROY SW",1994,223456.295918367
"461","FAUNTLEROY SW",1995,205374.514563107
"462","FAUNTLEROY SW",1996,234439.264957265
"463","FAUNTLEROY SW",1997,222235.629032258
"464","FAUNTLEROY SW",1998,281261.451612903
"465","FAUNTLEROY SW",1999,309857.338345865
"466","FAUNTLEROY SW",2000,325199.341269841
"467","FAUNTLEROY SW",2001,354234.45112782
"468","FAUNTLEROY SW",2002,383293.5
"469","FAUNTLEROY SW",2003,435638.34375
"470","FAUNTLEROY SW",2004,490134.018518519
"471","FAUNTLEROY SW",2005,576014
"472","FAUNTLEROY SW",2006,593846.503649635
"473","FAUNTLEROY SW",2007,694417.527559055
"474","FAUNTLEROY SW",2008,670592.046875
"475","FAUNTLEROY SW",2009,560016.892307692
"476","FAUNTLEROY SW",2010,514398.094117647
"477","FAUNTLEROY SW",2011,473809.283950617
"478","FAUNTLEROY SW",2012,501180.794642857
"479","FAUNTLEROY SW",2013,543024.552238806
"480","FAUNTLEROY SW",2014,619977.214285714
"481","FAUNTLEROY SW",2015,696713.638461538
"482","FAUNTLEROY SW",2016,734794.647540984
"483","FAUNTLEROY SW",2017,780806.448818898
"484","FAUNTLEROY SW",2018,887013.706422018
"485","FIRST HILL",1983,25000
"486","FIRST HILL",1985,104500
"487","FIRST HILL",1986,62500
"488","FIRST HILL",1988,55000
"489","FIRST HILL",1990,98300
"490","FIRST HILL",1991,72500
"491","FIRST HILL",1992,111400
"492","FIRST HILL",1993,134020.833333333
"493","FIRST HILL",1994,103105.583333333
"494","FIRST HILL",1995,121601
"495","FIRST HILL",1996,158850
"496","FIRST HILL",1997,187510.8125
"497","FIRST HILL",1998,168457.625
"498","FIRST HILL",1999,189103.153846154
"499","FIRST HILL",2000,201823.555555556
"500","FIRST HILL",2001,252875
"501","FIRST HILL",2002,347287.75
"502","FIRST HILL",2003,252364.285714286
"503","FIRST HILL",2004,295557.692307692
"504","FIRST HILL",2005,347173.357142857
"505","FIRST HILL",2006,353400.2
"506","FIRST HILL",2007,458314.888888889
"507","FIRST HILL",2008,434072.833333333
"508","FIRST HILL",2009,395000
"509","FIRST HILL",2010,390250
"510","FIRST HILL",2011,562500
"511","FIRST HILL",2012,564857.142857143
"512","FIRST HILL",2013,416902
"513","FIRST HILL",2014,1618461.53846154
"514","FIRST HILL",2015,784575.714285714
"515","FIRST HILL",2016,776444.263157895
"516","FIRST HILL",2017,813322.5
"517","FIRST HILL",2018,823851.15
"518","FREMONT",1982,74209.0909090909
"519","FREMONT",1983,59634.1666666667
"520","FREMONT",1984,61741.6666666667
"521","FREMONT",1985,134564.027777778
"522","FREMONT",1986,81053.3333333333
"523","FREMONT",1987,72000
"524","FREMONT",1988,89532.8181818182
"525","FREMONT",1989,106393.333333333
"526","FREMONT",1990,156072.777777778
"527","FREMONT",1991,151132
"528","FREMONT",1992,137629.20212766
"529","FREMONT",1993,149737.247619048
"530","FREMONT",1994,147954.808080808
"531","FREMONT",1995,152893.960526316
"532","FREMONT",1996,167536.438095238
"533","FREMONT",1997,202135.540816327
"534","FREMONT",1998,248374.784313725
"535","FREMONT",1999,266446.933884297
"536","FREMONT",2000,303388.5390625
"537","FREMONT",2001,296304.980769231
"538","FREMONT",2002,331006.716981132
"539","FREMONT",2003,382676.095890411
"540","FREMONT",2004,407648.614173228
"541","FREMONT",2005,454149.263636364
"542","FREMONT",2006,497463.482758621
"543","FREMONT",2007,541221.294117647
"544","FREMONT",2008,544146.112676056
"545","FREMONT",2009,482716.901639344
"546","FREMONT",2010,434188.76119403
"547","FREMONT",2011,432994.263888889
"548","FREMONT",2012,478709.577319588
"549","FREMONT",2013,598887.572727273
"550","FREMONT",2014,581882.56302521
"551","FREMONT",2015,665712.256637168
"552","FREMONT",2016,792163.503759398
"553","FREMONT",2017,857126.156424581
"554","FREMONT",2018,894365.963963964
"555","GENESEE",1982,69750
"556","GENESEE",1983,90000
"557","GENESEE",1984,56400
"558","GENESEE",1985,71160
"559","GENESEE",1986,56214.2857142857
"560","GENESEE",1987,64805.5555555556
"561","GENESEE",1988,53250
"562","GENESEE",1989,73194.4444444444
"563","GENESEE",1990,109830
"564","GENESEE",1991,89389.2857142857
"565","GENESEE",1992,93489.625
"566","GENESEE",1993,92906.3142857143
"567","GENESEE",1994,107926.785714286
"568","GENESEE",1995,97744.5757575758
"569","GENESEE",1996,131463.977272727
"570","GENESEE",1997,121738.225
"571","GENESEE",1998,172527.577777778
"572","GENESEE",1999,158730.263157895
"573","GENESEE",2000,240014.432432432
"574","GENESEE",2001,225917
"575","GENESEE",2002,200317.2
"576","GENESEE",2003,286331.256410256
"577","GENESEE",2004,261207.882352941
"578","GENESEE",2005,313620.853658537
"579","GENESEE",2006,413308.470588235
"580","GENESEE",2007,469502.702702703
"581","GENESEE",2008,410443
"582","GENESEE",2009,322650.875
"583","GENESEE",2010,310729.090909091
"584","GENESEE",2011,353812.777777778
"585","GENESEE",2012,352218.368421053
"586","GENESEE",2013,393937.689655172
"587","GENESEE",2014,474458.424242424
"588","GENESEE",2015,508795.975
"589","GENESEE",2016,530292.857142857
"590","GENESEE",2017,702346.55
"591","GENESEE",2018,685973.45
"592","GEORGETOWN",1973,6000
"593","GEORGETOWN",1982,38000
"594","GEORGETOWN",1984,2993000
"595","GEORGETOWN",1985,52250
"596","GEORGETOWN",1986,31890
"597","GEORGETOWN",1987,20000
"598","GEORGETOWN",1988,37360
"599","GEORGETOWN",1989,63700
"600","GEORGETOWN",1990,67416.6666666667
"601","GEORGETOWN",1991,64500
"602","GEORGETOWN",1992,68744.2307692308
"603","GEORGETOWN",1993,208786.363636364
"604","GEORGETOWN",1994,89833.3333333333
"605","GEORGETOWN",1995,98014.5833333333
"606","GEORGETOWN",1996,110792.846153846
"607","GEORGETOWN",1997,99612.2272727273
"608","GEORGETOWN",1998,103470.517241379
"609","GEORGETOWN",1999,152543.230769231
"610","GEORGETOWN",2000,154210.428571429
"611","GEORGETOWN",2001,234108.95
"612","GEORGETOWN",2002,154012.954545455
"613","GEORGETOWN",2003,173397.08
"614","GEORGETOWN",2004,256669.147058824
"615","GEORGETOWN",2005,255303.41025641
"616","GEORGETOWN",2006,301412.733333333
"617","GEORGETOWN",2007,361206.318181818
"618","GEORGETOWN",2008,353215.166666667
"619","GEORGETOWN",2009,250634.6
"620","GEORGETOWN",2010,285092.857142857
"621","GEORGETOWN",2011,308820
"622","GEORGETOWN",2012,241205.375
"623","GEORGETOWN",2013,358810.136363636
"624","GEORGETOWN",2014,384583.35
"625","GEORGETOWN",2015,355348.333333333
"626","GEORGETOWN",2016,482331.111111111
"627","GEORGETOWN",2017,643435
"628","GEORGETOWN",2018,720221.863636364
"629","GREENWOOD",1961,10815
"630","GREENWOOD",1981,2000
"631","GREENWOOD",1982,78280.2142857143
"632","GREENWOOD",1983,65003.2857142857
"633","GREENWOOD",1984,64535.8717948718
"634","GREENWOOD",1985,64661.7647058823
"635","GREENWOOD",1986,63286.2957746479
"636","GREENWOOD",1987,70042.9848484848
"637","GREENWOOD",1988,79708.9285714286
"638","GREENWOOD",1989,101475.541176471
"639","GREENWOOD",1990,123202.793103448
"640","GREENWOOD",1991,127185.432098765
"641","GREENWOOD",1992,126837.057627119
"642","GREENWOOD",1993,128130.792982456
"643","GREENWOOD",1994,134155.027681661
"644","GREENWOOD",1995,138180.96812749
"645","GREENWOOD",1996,140486.955882353
"646","GREENWOOD",1997,157342.46178344
"647","GREENWOOD",1998,181294.835616438
"648","GREENWOOD",1999,208480.978609626
"649","GREENWOOD",2000,226353.564393939
"650","GREENWOOD",2001,238367.361774744
"651","GREENWOOD",2002,254883.300970874
"652","GREENWOOD",2003,277433.586402266
"653","GREENWOOD",2004,303284.14986376
"654","GREENWOOD",2005,358054.135211268
"655","GREENWOOD",2006,405924.611650485
"656","GREENWOOD",2007,442429.988847584
"657","GREENWOOD",2008,402701.059782609
"658","GREENWOOD",2009,364386.859030837
"659","GREENWOOD",2010,355674.465608466
"660","GREENWOOD",2011,354125.591954023
"661","GREENWOOD",2012,364927.00913242
"662","GREENWOOD",2013,420802.209375
"663","GREENWOOD",2014,473086.599250936
"664","GREENWOOD",2015,524526.682119205
"665","GREENWOOD",2016,602335.887640449
"666","GREENWOOD",2017,694415.436363636
"667","GREENWOOD",2018,753368.042372881
"668","HIGH POINT",1982,36604.5454545455
"669","HIGH POINT",1983,56625
"670","HIGH POINT",1984,35025
"671","HIGH POINT",1985,33103.5714285714
"672","HIGH POINT",1986,50551.1666666667
"673","HIGH POINT",1987,54801
"674","HIGH POINT",1988,54562.2307692308
"675","HIGH POINT",1989,65813.1875
"676","HIGH POINT",1990,69068.1111111111
"677","HIGH POINT",1991,93086.3636363636
"678","HIGH POINT",1992,95172.1612903226
"679","HIGH POINT",1993,82978.4054054054
"680","HIGH POINT",1994,95045.0175438596
"681","HIGH POINT",1995,90028.6724137931
"682","HIGH POINT",1996,107124.483333333
"683","HIGH POINT",1997,115336.260416667
"684","HIGH POINT",1998,120358.630952381
"685","HIGH POINT",1999,131663.054054054
"686","HIGH POINT",2000,170413.38028169
"687","HIGH POINT",2001,169491.964912281
"688","HIGH POINT",2002,169436.549019608
"689","HIGH POINT",2003,200805.064935065
"690","HIGH POINT",2004,263425.546218487
"691","HIGH POINT",2005,389704.052083333
"692","HIGH POINT",2006,339940.966101695
"693","HIGH POINT",2007,377760.231788079
"694","HIGH POINT",2008,360195.506493506
"695","HIGH POINT",2009,295105.479452055
"696","HIGH POINT",2010,296900.79245283
"697","HIGH POINT",2011,259432.804878049
"698","HIGH POINT",2012,1408290.05789474
"699","HIGH POINT",2013,285982.193181818
"700","HIGH POINT",2014,337321.175438597
"701","HIGH POINT",2015,391510.745762712
"702","HIGH POINT",2016,782539.048192771
"703","HIGH POINT",2017,550582
"704","HIGH POINT",2018,645612.1875
"705","HIGHLAND PARK",1974,12500
"706","HIGHLAND PARK",1981,80995
"707","HIGHLAND PARK",1982,49718.9285714286
"708","HIGHLAND PARK",1983,55691.1764705882
"709","HIGHLAND PARK",1984,58685.6153846154
"710","HIGHLAND PARK",1985,54986.1153846154
"711","HIGHLAND PARK",1986,55669.0540540541
"712","HIGHLAND PARK",1987,60419.0217391304
"713","HIGHLAND PARK",1988,63004.0555555556
"714","HIGHLAND PARK",1989,70050.1612903226
"715","HIGHLAND PARK",1990,259002.276595745
"716","HIGHLAND PARK",1991,96634.625
"717","HIGHLAND PARK",1992,109952.101604278
"718","HIGHLAND PARK",1993,99059.6851851852
"719","HIGHLAND PARK",1994,104533.722222222
"720","HIGHLAND PARK",1995,100841.884816754
"721","HIGHLAND PARK",1996,107869.370786517
"722","HIGHLAND PARK",1997,116598.927272727
"723","HIGHLAND PARK",1998,122603.20083682
"724","HIGHLAND PARK",1999,197746.588461538
"725","HIGHLAND PARK",2000,159260.076923077
"726","HIGHLAND PARK",2001,169277.957746479
"727","HIGHLAND PARK",2002,179735.34562212
"728","HIGHLAND PARK",2003,195252.677824268
"729","HIGHLAND PARK",2004,214552.864583333
"730","HIGHLAND PARK",2005,258702.385185185
"731","HIGHLAND PARK",2006,299847.216666667
"732","HIGHLAND PARK",2007,317406.566326531
"733","HIGHLAND PARK",2008,295575.991666667
"734","HIGHLAND PARK",2009,262246.523364486
"735","HIGHLAND PARK",2010,248774.27173913
"736","HIGHLAND PARK",2011,200155.761904762
"737","HIGHLAND PARK",2012,209532.25
"738","HIGHLAND PARK",2013,246534.333333333
"739","HIGHLAND PARK",2014,274000.768817204
"740","HIGHLAND PARK",2015,328103.520361991
"741","HIGHLAND PARK",2016,385544.581632653
"742","HIGHLAND PARK",2017,469427.720524017
"743","HIGHLAND PARK",2018,499868.306748466
"744","HILLMAN CITY",1982,43207.1428571429
"745","HILLMAN CITY",1983,42000
"746","HILLMAN CITY",1984,51558.3333333333
"747","HILLMAN CITY",1985,64252.4
"748","HILLMAN CITY",1986,61500
"749","HILLMAN CITY",1987,52356.8461538462
"750","HILLMAN CITY",1988,74632.9411764706
"751","HILLMAN CITY",1989,59534.375
"752","HILLMAN CITY",1990,90844.2307692308
"753","HILLMAN CITY",1991,87585.6206896552
"754","HILLMAN CITY",1992,79434.8301886792
"755","HILLMAN CITY",1993,86653.6603773585
"756","HILLMAN CITY",1994,90133.5844155844
"757","HILLMAN CITY",1995,87108.6578947368
"758","HILLMAN CITY",1996,93608.329113924
"759","HILLMAN CITY",1997,115518.06097561
"760","HILLMAN CITY",1998,120951.973333333
"761","HILLMAN CITY",1999,131798.698412698
"762","HILLMAN CITY",2000,169779.474576271
"763","HILLMAN CITY",2001,149944.245614035
"764","HILLMAN CITY",2002,181173.123076923
"765","HILLMAN CITY",2003,190787.835443038
"766","HILLMAN CITY",2004,245288.627906977
"767","HILLMAN CITY",2005,291766.494623656
"768","HILLMAN CITY",2006,313820.636363636
"769","HILLMAN CITY",2007,295221.46031746
"770","HILLMAN CITY",2008,329734.272727273
"771","HILLMAN CITY",2009,304478.612903226
"772","HILLMAN CITY",2010,247518.086956522
"773","HILLMAN CITY",2011,182883.08
"774","HILLMAN CITY",2012,231540.090909091
"775","HILLMAN CITY",2013,282448.75308642
"776","HILLMAN CITY",2014,311285.369863014
"777","HILLMAN CITY",2015,401182.803030303
"778","HILLMAN CITY",2016,424580.566666667
"779","HILLMAN CITY",2017,505744.106060606
"780","HILLMAN CITY",2018,589077.425531915
"781","INTERNATIONAL DISTRICT - WEST",2002,3e+05
"782","JUDKINS PARK",1982,64000
"783","JUDKINS PARK",1984,80000
"784","JUDKINS PARK",1985,39750
"785","JUDKINS PARK",1986,41240.4285714286
"786","JUDKINS PARK",1987,39775
"787","JUDKINS PARK",1988,60375
"788","JUDKINS PARK",1989,41500
"789","JUDKINS PARK",1990,91000
"790","JUDKINS PARK",1991,244550.4
"791","JUDKINS PARK",1992,82530
"792","JUDKINS PARK",1993,93577.9285714286
"793","JUDKINS PARK",1994,86191.3333333333
"794","JUDKINS PARK",1995,119543.75
"795","JUDKINS PARK",1996,121503.076923077
"796","JUDKINS PARK",1997,99385.2857142857
"797","JUDKINS PARK",1998,131748.4
"798","JUDKINS PARK",1999,153477.6
"799","JUDKINS PARK",2000,194387.5
"800","JUDKINS PARK",2001,257759.5625
"801","JUDKINS PARK",2002,205089.705882353
"802","JUDKINS PARK",2003,185383.9
"803","JUDKINS PARK",2004,312825.391304348
"804","JUDKINS PARK",2005,320162.068965517
"805","JUDKINS PARK",2006,398038.157894737
"806","JUDKINS PARK",2007,438451.666666667
"807","JUDKINS PARK",2008,492017
"808","JUDKINS PARK",2009,364247.625
"809","JUDKINS PARK",2010,170772.702702703
"810","JUDKINS PARK",2011,293802.291666667
"811","JUDKINS PARK",2012,382337.5
"812","JUDKINS PARK",2013,435018.421052632
"813","JUDKINS PARK",2014,415369.230769231
"814","JUDKINS PARK",2015,519714.95
"815","JUDKINS PARK",2016,639696.7
"816","JUDKINS PARK",2017,691853.416666667
"817","JUDKINS PARK",2018,1032615.38461538
"818","LAKECITY",1980,22000
"819","LAKECITY",1981,84825
"820","LAKECITY",1982,60841.2
"821","LAKECITY",1983,86040
"822","LAKECITY",1984,84089.1764705882
"823","LAKECITY",1985,84467.6470588235
"824","LAKECITY",1986,87242.9090909091
"825","LAKECITY",1987,88496.1881188119
"826","LAKECITY",1988,108204.10989011
"827","LAKECITY",1989,118486.056074766
"828","LAKECITY",1990,153110.107526882
"829","LAKECITY",1991,157290.247863248
"830","LAKECITY",1992,148342.497126437
"831","LAKECITY",1993,158955.010204082
"832","LAKECITY",1994,151714.129824561
"833","LAKECITY",1995,148247.364285714
"834","LAKECITY",1996,159246.135714286
"835","LAKECITY",1997,174645.911174785
"836","LAKECITY",1998,206441.191304348
"837","LAKECITY",1999,222353.311827957
"838","LAKECITY",2000,246422.141868512
"839","LAKECITY",2001,260522.617088608
"840","LAKECITY",2002,268667.50310559
"841","LAKECITY",2003,300934.828571429
"842","LAKECITY",2004,328119.973544974
"843","LAKECITY",2005,390020.912408759
"844","LAKECITY",2006,443451.498559078
"845","LAKECITY",2007,452312.645522388
"846","LAKECITY",2008,434950.711956522
"847","LAKECITY",2009,408992.443349754
"848","LAKECITY",2010,378792.157894737
"849","LAKECITY",2011,342653.85026738
"850","LAKECITY",2012,342230.915254237
"851","LAKECITY",2013,380440.869009585
"852","LAKECITY",2014,457450.282894737
"853","LAKECITY",2015,558687.948881789
"854","LAKECITY",2016,566980.393333333
"855","LAKECITY",2017,641770.084745763
"856","LAKECITY",2018,1518074.8122449
"857","LAKEWOOD/SEWARD PARK",1970,8000
"858","LAKEWOOD/SEWARD PARK",1982,78637
"859","LAKEWOOD/SEWARD PARK",1983,84715.35
"860","LAKEWOOD/SEWARD PARK",1984,142381.25
"861","LAKEWOOD/SEWARD PARK",1985,98525.0909090909
"862","LAKEWOOD/SEWARD PARK",1986,111460.294117647
"863","LAKEWOOD/SEWARD PARK",1987,125142.105263158
"864","LAKEWOOD/SEWARD PARK",1988,122510.568181818
"865","LAKEWOOD/SEWARD PARK",1989,137182.428571429
"866","LAKEWOOD/SEWARD PARK",1990,185327.027027027
"867","LAKEWOOD/SEWARD PARK",1991,168493.774193548
"868","LAKEWOOD/SEWARD PARK",1992,172637.707692308
"869","LAKEWOOD/SEWARD PARK",1993,177711.83908046
"870","LAKEWOOD/SEWARD PARK",1994,191151.223214286
"871","LAKEWOOD/SEWARD PARK",1995,187652.652542373
"872","LAKEWOOD/SEWARD PARK",1996,201972.859813084
"873","LAKEWOOD/SEWARD PARK",1997,241705.767857143
"874","LAKEWOOD/SEWARD PARK",1998,238765.485507246
"875","LAKEWOOD/SEWARD PARK",1999,281851.386206897
"876","LAKEWOOD/SEWARD PARK",2000,337108.875
"877","LAKEWOOD/SEWARD PARK",2001,314646.426356589
"878","LAKEWOOD/SEWARD PARK",2002,395335.00729927
"879","LAKEWOOD/SEWARD PARK",2003,420313.02
"880","LAKEWOOD/SEWARD PARK",2004,455485.372413793
"881","LAKEWOOD/SEWARD PARK",2005,535066.718518518
"882","LAKEWOOD/SEWARD PARK",2006,584004.051724138
"883","LAKEWOOD/SEWARD PARK",2007,702041.941176471
"884","LAKEWOOD/SEWARD PARK",2008,735687.479452055
"885","LAKEWOOD/SEWARD PARK",2009,483050.608108108
"886","LAKEWOOD/SEWARD PARK",2010,482841.082474227
"887","LAKEWOOD/SEWARD PARK",2011,573904.432989691
"888","LAKEWOOD/SEWARD PARK",2012,484494.610526316
"889","LAKEWOOD/SEWARD PARK",2013,540844.807407407
"890","LAKEWOOD/SEWARD PARK",2014,601674.58974359
"891","LAKEWOOD/SEWARD PARK",2015,762315.801724138
"892","LAKEWOOD/SEWARD PARK",2016,857408.486486487
"893","LAKEWOOD/SEWARD PARK",2017,957727.059322034
"894","LAKEWOOD/SEWARD PARK",2018,1081977.8125
"895","MADISON PARK",1982,190468.333333333
"896","MADISON PARK",1983,244291.666666667
"897","MADISON PARK",1984,205762.5
"898","MADISON PARK",1985,263351.315789474
"899","MADISON PARK",1986,246725.757575758
"900","MADISON PARK",1987,298879.903225806
"901","MADISON PARK",1988,319996.96969697
"902","MADISON PARK",1989,383750
"903","MADISON PARK",1990,675870.37037037
"904","MADISON PARK",1991,665017.307692308
"905","MADISON PARK",1992,493178.550724638
"906","MADISON PARK",1993,424414.114942529
"907","MADISON PARK",1994,480241.150943396
"908","MADISON PARK",1995,449958.221052632
"909","MADISON PARK",1996,517957.988505747
"910","MADISON PARK",1997,821409.787234043
"911","MADISON PARK",1998,592766.145454546
"912","MADISON PARK",1999,853927.642335766
"913","MADISON PARK",2000,834971.051546392
"914","MADISON PARK",2001,969749.052631579
"915","MADISON PARK",2002,987453.556962025
"916","MADISON PARK",2003,1273318.08
"917","MADISON PARK",2004,1220868.64035088
"918","MADISON PARK",2005,1496271.55882353
"919","MADISON PARK",2006,1401775.44897959
"920","MADISON PARK",2007,1534729.37209302
"921","MADISON PARK",2008,1700037.06349206
"922","MADISON PARK",2009,1700043.30357143
"923","MADISON PARK",2010,1411848.28
"924","MADISON PARK",2011,1601071.66292135
"925","MADISON PARK",2012,1335090.38297872
"926","MADISON PARK",2013,1477531.01851852
"927","MADISON PARK",2014,1512443.21359223
"928","MADISON PARK",2015,1851613.33333333
"929","MADISON PARK",2016,1960647.11627907
"930","MADISON PARK",2017,2053098.93333333
"931","MADISON PARK",2018,2234899.5862069
"932","MADRONA/LESCHI",1968,17500
"933","MADRONA/LESCHI",1982,118059.375
"934","MADRONA/LESCHI",1983,105172.580645161
"935","MADRONA/LESCHI",1984,102096.441176471
"936","MADRONA/LESCHI",1985,172360
"937","MADRONA/LESCHI",1986,164888.631578947
"938","MADRONA/LESCHI",1987,121877.3125
"939","MADRONA/LESCHI",1988,175027.056603774
"940","MADRONA/LESCHI",1989,197907.673076923
"941","MADRONA/LESCHI",1990,230423.255813953
"942","MADRONA/LESCHI",1991,479752.016949153
"943","MADRONA/LESCHI",1992,253608.645714286
"944","MADRONA/LESCHI",1993,256170.655172414
"945","MADRONA/LESCHI",1994,264441.308695652
"946","MADRONA/LESCHI",1995,257598.403141361
"947","MADRONA/LESCHI",1996,240896.538116592
"948","MADRONA/LESCHI",1997,350224.19140625
"949","MADRONA/LESCHI",1998,401933.729357798
"950","MADRONA/LESCHI",1999,506878.210300429
"951","MADRONA/LESCHI",2000,569521.287610619
"952","MADRONA/LESCHI",2001,455267.148809524
"953","MADRONA/LESCHI",2002,532287.517094017
"954","MADRONA/LESCHI",2003,480491.77238806
"955","MADRONA/LESCHI",2004,656571.529182879
"956","MADRONA/LESCHI",2005,788444.02006689
"957","MADRONA/LESCHI",2006,883832.662162162
"958","MADRONA/LESCHI",2007,872425.406779661
"959","MADRONA/LESCHI",2008,1092861.22222222
"960","MADRONA/LESCHI",2009,723992.103703704
"961","MADRONA/LESCHI",2010,806850.537414966
"962","MADRONA/LESCHI",2011,872604.875968992
"963","MADRONA/LESCHI",2012,770467.664634146
"964","MADRONA/LESCHI",2013,797551.2265625
"965","MADRONA/LESCHI",2014,901513.628318584
"966","MADRONA/LESCHI",2015,920415.648760331
"967","MADRONA/LESCHI",2016,970514.286363636
"968","MADRONA/LESCHI",2017,1163620.66666667
"969","MADRONA/LESCHI",2018,1233763.00561798
"970","MAGNOLIA",1982,120612.255813953
"971","MAGNOLIA",1983,130642.91025641
"972","MAGNOLIA",1984,127782.539473684
"973","MAGNOLIA",1985,117392.455445545
"974","MAGNOLIA",1986,134393.6
"975","MAGNOLIA",1987,160419.25203252
"976","MAGNOLIA",1988,149025.416666667
"977","MAGNOLIA",1989,198945.809090909
"978","MAGNOLIA",1990,417338.272727273
"979","MAGNOLIA",1991,270946.405660377
"980","MAGNOLIA",1992,238750.85380117
"981","MAGNOLIA",1993,228785.601036269
"982","MAGNOLIA",1994,236833.621917808
"983","MAGNOLIA",1995,275131.134969325
"984","MAGNOLIA",1996,245072.238461538
"985","MAGNOLIA",1997,329008.676274945
"986","MAGNOLIA",1998,330214.41025641
"987","MAGNOLIA",1999,404279.112149533
"988","MAGNOLIA",2000,448897.92032967
"989","MAGNOLIA",2001,474647.310344828
"990","MAGNOLIA",2002,458393.879012346
"991","MAGNOLIA",2003,492901.988738739
"992","MAGNOLIA",2004,537687.509433962
"993","MAGNOLIA",2005,650052.115546218
"994","MAGNOLIA",2006,706824.155555556
"995","MAGNOLIA",2007,806491.793846154
"996","MAGNOLIA",2008,708548.964285714
"997","MAGNOLIA",2009,625061.5
"998","MAGNOLIA",2010,638380.644927536
"999","MAGNOLIA",2011,568503.387351779
"1000","MAGNOLIA",2012,1928258.15384615
"1001","MAGNOLIA",2013,751743.506459948
"1002","MAGNOLIA",2014,817170.605670103
"1003","MAGNOLIA",2015,905176.645885287
"1004","MAGNOLIA",2016,917936.548128342
"1005","MAGNOLIA",2017,1038733.18409091
"1006","MAGNOLIA",2018,1210997.91746032
"1007","MID BEACON HILL",1954,600
"1008","MID BEACON HILL",1964,1000
"1009","MID BEACON HILL",1982,60775.2
"1010","MID BEACON HILL",1983,65816.5833333333
"1011","MID BEACON HILL",1984,62803.8888888889
"1012","MID BEACON HILL",1985,72280.303030303
"1013","MID BEACON HILL",1986,62667.5
"1014","MID BEACON HILL",1987,65083.3392857143
"1015","MID BEACON HILL",1988,80670.1298701299
"1016","MID BEACON HILL",1989,82167.7962962963
"1017","MID BEACON HILL",1990,100277.970588235
"1018","MID BEACON HILL",1991,110361.68115942
"1019","MID BEACON HILL",1992,115615.946236559
"1020","MID BEACON HILL",1993,112931.693251534
"1021","MID BEACON HILL",1994,108997.339805825
"1022","MID BEACON HILL",1995,118993.111111111
"1023","MID BEACON HILL",1996,123529.41509434
"1024","MID BEACON HILL",1997,130523.889795918
"1025","MID BEACON HILL",1998,153165.023346303
"1026","MID BEACON HILL",1999,165615.865306122
"1027","MID BEACON HILL",2000,188465.483412322
"1028","MID BEACON HILL",2001,208320.346007605
"1029","MID BEACON HILL",2002,207841.056680162
"1030","MID BEACON HILL",2003,215636.439516129
"1031","MID BEACON HILL",2004,254203.86259542
"1032","MID BEACON HILL",2005,372968.80887372
"1033","MID BEACON HILL",2006,328893.147410359
"1034","MID BEACON HILL",2007,370641.086206897
"1035","MID BEACON HILL",2008,326874.071942446
"1036","MID BEACON HILL",2009,291338.552238806
"1037","MID BEACON HILL",2010,383934.5625
"1038","MID BEACON HILL",2011,252195.559440559
"1039","MID BEACON HILL",2012,260616.624277457
"1040","MID BEACON HILL",2013,282147.725118483
"1041","MID BEACON HILL",2014,333178.685185185
"1042","MID BEACON HILL",2015,409675.163934426
"1043","MID BEACON HILL",2016,455225.433497537
"1044","MID BEACON HILL",2017,675722.215469613
"1045","MID BEACON HILL",2018,585869.490196078
"1046","MILLER PARK",1978,40000
"1047","MILLER PARK",1982,123910
"1048","MILLER PARK",1983,94794.8695652174
"1049","MILLER PARK",1984,131694.8
"1050","MILLER PARK",1985,151605.263157895
"1051","MILLER PARK",1986,137894.827586207
"1052","MILLER PARK",1987,140927.035714286
"1053","MILLER PARK",1988,165008.034482759
"1054","MILLER PARK",1989,161529.5
"1055","MILLER PARK",1990,233984.772727273
"1056","MILLER PARK",1991,235532.75862069
"1057","MILLER PARK",1992,242290.571428571
"1058","MILLER PARK",1993,249143.290697674
"1059","MILLER PARK",1994,249959.386363636
"1060","MILLER PARK",1995,261383.818181818
"1061","MILLER PARK",1996,257782.961538462
"1062","MILLER PARK",1997,342085.042553191
"1063","MILLER PARK",1998,414231.365591398
"1064","MILLER PARK",1999,407835.613636364
"1065","MILLER PARK",2000,551262.625
"1066","MILLER PARK",2001,530692.234567901
"1067","MILLER PARK",2002,601530.623529412
"1068","MILLER PARK",2003,561523.152941176
"1069","MILLER PARK",2004,623680.25
"1070","MILLER PARK",2005,780445.524271845
"1071","MILLER PARK",2006,814957.838709677
"1072","MILLER PARK",2007,986844.426829268
"1073","MILLER PARK",2008,784250.423728814
"1074","MILLER PARK",2009,924776.089285714
"1075","MILLER PARK",2010,770873.5
"1076","MILLER PARK",2011,706760.75862069
"1077","MILLER PARK",2012,814612.217948718
"1078","MILLER PARK",2013,896859.12987013
"1079","MILLER PARK",2014,985083.753246753
"1080","MILLER PARK",2015,1143189.85294118
"1081","MILLER PARK",2016,1147132.98701299
"1082","MILLER PARK",2017,1147375.83928571
"1083","MILLER PARK",2018,1497848.46153846
"1084","MONTLAKE/PORTAGE BAY",1982,140714.285714286
"1085","MONTLAKE/PORTAGE BAY",1983,144334.884615385
"1086","MONTLAKE/PORTAGE BAY",1984,126578.571428571
"1087","MONTLAKE/PORTAGE BAY",1985,140956.870967742
"1088","MONTLAKE/PORTAGE BAY",1986,145460.545454545
"1089","MONTLAKE/PORTAGE BAY",1987,151672.666666667
"1090","MONTLAKE/PORTAGE BAY",1988,179230.24137931
"1091","MONTLAKE/PORTAGE BAY",1989,217218.571428571
"1092","MONTLAKE/PORTAGE BAY",1990,315003.846153846
"1093","MONTLAKE/PORTAGE BAY",1991,307633.75
"1094","MONTLAKE/PORTAGE BAY",1992,244232.19047619
"1095","MONTLAKE/PORTAGE BAY",1993,316349.025862069
"1096","MONTLAKE/PORTAGE BAY",1994,265895.817391304
"1097","MONTLAKE/PORTAGE BAY",1995,335993.47008547
"1098","MONTLAKE/PORTAGE BAY",1996,312733.492307692
"1099","MONTLAKE/PORTAGE BAY",1997,377933.914893617
"1100","MONTLAKE/PORTAGE BAY",1998,407481.2
"1101","MONTLAKE/PORTAGE BAY",1999,496308
"1102","MONTLAKE/PORTAGE BAY",2000,576026.94017094
"1103","MONTLAKE/PORTAGE BAY",2001,536618.295918367
"1104","MONTLAKE/PORTAGE BAY",2002,510429.612403101
"1105","MONTLAKE/PORTAGE BAY",2003,573639.140740741
"1106","MONTLAKE/PORTAGE BAY",2004,638977.237179487
"1107","MONTLAKE/PORTAGE BAY",2005,710623.872180451
"1108","MONTLAKE/PORTAGE BAY",2006,833094.246031746
"1109","MONTLAKE/PORTAGE BAY",2007,903822.202247191
"1110","MONTLAKE/PORTAGE BAY",2008,770459.037735849
"1111","MONTLAKE/PORTAGE BAY",2009,732532.14516129
"1112","MONTLAKE/PORTAGE BAY",2010,769372.96875
"1113","MONTLAKE/PORTAGE BAY",2011,709852.222222222
"1114","MONTLAKE/PORTAGE BAY",2012,775963.354545454
"1115","MONTLAKE/PORTAGE BAY",2013,802528.2265625
"1116","MONTLAKE/PORTAGE BAY",2014,908416.297029703
"1117","MONTLAKE/PORTAGE BAY",2015,979444.942307692
"1118","MONTLAKE/PORTAGE BAY",2016,1139181.02678571
"1119","MONTLAKE/PORTAGE BAY",2017,1276280.70103093
"1120","MONTLAKE/PORTAGE BAY",2018,1446199.46153846
"1121","MORGAN",1981,11300
"1122","MORGAN",1982,65676
"1123","MORGAN",1983,79719.5588235294
"1124","MORGAN",1984,87611.26
"1125","MORGAN",1985,90573.75
"1126","MORGAN",1986,87881.186440678
"1127","MORGAN",1987,88076.25
"1128","MORGAN",1988,90588.9655172414
"1129","MORGAN",1989,116726.837837838
"1130","MORGAN",1990,169624.371428571
"1131","MORGAN",1991,150350
"1132","MORGAN",1992,163432.683636364
"1133","MORGAN",1993,155597.387453875
"1134","MORGAN",1994,158447.6
"1135","MORGAN",1995,165352.98206278
"1136","MORGAN",1996,181518.542857143
"1137","MORGAN",1997,196900.800643087
"1138","MORGAN",1998,231467.289719626
"1139","MORGAN",1999,249728.312292359
"1140","MORGAN",2000,281516.397379913
"1141","MORGAN",2001,264098.124031008
"1142","MORGAN",2002,316057.443396226
"1143","MORGAN",2003,333183.439873418
"1144","MORGAN",2004,375264.889534884
"1145","MORGAN",2005,458237.880503145
"1146","MORGAN",2006,508312.583643123
"1147","MORGAN",2007,518518.914529915
"1148","MORGAN",2008,485787.734567901
"1149","MORGAN",2009,435916.918478261
"1150","MORGAN",2010,429597.912408759
"1151","MORGAN",2011,407987.452229299
"1152","MORGAN",2012,404375.923444976
"1153","MORGAN",2013,480960.779166667
"1154","MORGAN",2014,514824.452674897
"1155","MORGAN",2015,579617.211111111
"1156","MORGAN",2016,655477.602189781
"1157","MORGAN",2017,702666.856060606
"1158","MORGAN",2018,772282
"1159","MOUNT BAKER",1964,22000
"1160","MOUNT BAKER",1982,111090.714285714
"1161","MOUNT BAKER",1983,156000
"1162","MOUNT BAKER",1984,125210.692307692
"1163","MOUNT BAKER",1985,110493.47826087
"1164","MOUNT BAKER",1986,120245.540540541
"1165","MOUNT BAKER",1987,149440.421052632
"1166","MOUNT BAKER",1988,140929.895833333
"1167","MOUNT BAKER",1989,199680.769230769
"1168","MOUNT BAKER",1990,200890
"1169","MOUNT BAKER",1991,218317.857142857
"1170","MOUNT BAKER",1992,180950.025
"1171","MOUNT BAKER",1993,220463.840909091
"1172","MOUNT BAKER",1994,154001.25
"1173","MOUNT BAKER",1995,197001.236842105
"1174","MOUNT BAKER",1996,195960.763358779
"1175","MOUNT BAKER",1997,241626.490909091
"1176","MOUNT BAKER",1998,241678.802325581
"1177","MOUNT BAKER",1999,307405.901408451
"1178","MOUNT BAKER",2000,387534.431654676
"1179","MOUNT BAKER",2001,371822.81443299
"1180","MOUNT BAKER",2002,443918.740458015
"1181","MOUNT BAKER",2003,396192.704819277
"1182","MOUNT BAKER",2004,474534.24691358
"1183","MOUNT BAKER",2005,574232.50310559
"1184","MOUNT BAKER",2006,629266.365853659
"1185","MOUNT BAKER",2007,665010.540983607
"1186","MOUNT BAKER",2008,656248.533333333
"1187","MOUNT BAKER",2009,558707.164556962
"1188","MOUNT BAKER",2010,567093.264705882
"1189","MOUNT BAKER",2011,556878.873563218
"1190","MOUNT BAKER",2012,523247.991803279
"1191","MOUNT BAKER",2013,610168.4
"1192","MOUNT BAKER",2014,734326.536585366
"1193","MOUNT BAKER",2015,773823.824675325
"1194","MOUNT BAKER",2016,814885.492537313
"1195","MOUNT BAKER",2017,851706.018072289
"1196","MOUNT BAKER",2018,1011020.08080808
"1197","MT BAKER/NORTH RAINIER",1983,76000
"1198","MT BAKER/NORTH RAINIER",1987,69000
"1199","MT BAKER/NORTH RAINIER",1988,145000
"1200","MT BAKER/NORTH RAINIER",1989,45000
"1201","MT BAKER/NORTH RAINIER",1990,52550
"1202","MT BAKER/NORTH RAINIER",1991,927000
"1203","MT BAKER/NORTH RAINIER",1992,42411.5384615385
"1204","MT BAKER/NORTH RAINIER",1993,129300
"1205","MT BAKER/NORTH RAINIER",1994,135056.25
"1206","MT BAKER/NORTH RAINIER",1995,149601.142857143
"1207","MT BAKER/NORTH RAINIER",1996,130693.130434783
"1208","MT BAKER/NORTH RAINIER",1997,128716.794871795
"1209","MT BAKER/NORTH RAINIER",1998,151535.714285714
"1210","MT BAKER/NORTH RAINIER",1999,222596.538461538
"1211","MT BAKER/NORTH RAINIER",2000,243607.636363636
"1212","MT BAKER/NORTH RAINIER",2001,296368.333333333
"1213","MT BAKER/NORTH RAINIER",2002,307667.7
"1214","MT BAKER/NORTH RAINIER",2003,289135.714285714
"1215","MT BAKER/NORTH RAINIER",2004,336276.416666667
"1216","MT BAKER/NORTH RAINIER",2005,333641.3125
"1217","MT BAKER/NORTH RAINIER",2006,525912
"1218","MT BAKER/NORTH RAINIER",2007,625037.076923077
"1219","MT BAKER/NORTH RAINIER",2008,339519.9
"1220","MT BAKER/NORTH RAINIER",2009,337700
"1221","MT BAKER/NORTH RAINIER",2010,534718.181818182
"1222","MT BAKER/NORTH RAINIER",2011,359873.166666667
"1223","MT BAKER/NORTH RAINIER",2012,484250
"1224","MT BAKER/NORTH RAINIER",2013,463692.857142857
"1225","MT BAKER/NORTH RAINIER",2014,428250
"1226","MT BAKER/NORTH RAINIER",2015,677627.333333333
"1227","MT BAKER/NORTH RAINIER",2016,506656.25
"1228","MT BAKER/NORTH RAINIER",2017,915433.857142857
"1229","MT BAKER/NORTH RAINIER",2018,910222.222222222
"1230","NEW HOLLY",1985,37500
"1231","NEW HOLLY",1986,59000
"1232","NEW HOLLY",1988,53800
"1233","NEW HOLLY",1989,51000
"1234","NEW HOLLY",1990,102942.857142857
"1235","NEW HOLLY",1991,112000
"1236","NEW HOLLY",1992,143500
"1237","NEW HOLLY",1993,97750
"1238","NEW HOLLY",1994,107500
"1239","NEW HOLLY",1995,99166.6666666667
"1240","NEW HOLLY",1996,97333.3333333333
"1241","NEW HOLLY",1997,90462.5
"1242","NEW HOLLY",1998,134600
"1243","NEW HOLLY",1999,185538.888888889
"1244","NEW HOLLY",2000,209535.297297297
"1245","NEW HOLLY",2001,216053.0625
"1246","NEW HOLLY",2002,208224.769230769
"1247","NEW HOLLY",2003,340800.944444444
"1248","NEW HOLLY",2004,265527.272727273
"1249","NEW HOLLY",2005,320764.265306122
"1250","NEW HOLLY",2006,359296.32
"1251","NEW HOLLY",2007,391469.041666667
"1252","NEW HOLLY",2008,387090.818181818
"1253","NEW HOLLY",2009,340939.176470588
"1254","NEW HOLLY",2010,386709.756756757
"1255","NEW HOLLY",2011,326402.296296296
"1256","NEW HOLLY",2012,284143.857142857
"1257","NEW HOLLY",2013,283079.75
"1258","NEW HOLLY",2014,297281.789473684
"1259","NEW HOLLY",2015,357121.038461538
"1260","NEW HOLLY",2016,413137.222222222
"1261","NEW HOLLY",2017,491089.95
"1262","NEW HOLLY",2018,611036.764705882
"1263","NORTH ADMIRAL",1966,15000
"1264","NORTH ADMIRAL",1981,51950
"1265","NORTH ADMIRAL",1982,81384.6153846154
"1266","NORTH ADMIRAL",1983,84394.9782608696
"1267","NORTH ADMIRAL",1984,79848.5714285714
"1268","NORTH ADMIRAL",1985,81789.3157894737
"1269","NORTH ADMIRAL",1986,97617.1896551724
"1270","NORTH ADMIRAL",1987,104958.8125
"1271","NORTH ADMIRAL",1988,122784.415584416
"1272","NORTH ADMIRAL",1989,130383.037037037
"1273","NORTH ADMIRAL",1990,198902.163265306
"1274","NORTH ADMIRAL",1991,172165.34375
"1275","NORTH ADMIRAL",1992,174243.691304348
"1276","NORTH ADMIRAL",1993,185433.504807692
"1277","NORTH ADMIRAL",1994,191713.468599034
"1278","NORTH ADMIRAL",1995,195977.65158371
"1279","NORTH ADMIRAL",1996,198056.590551181
"1280","NORTH ADMIRAL",1997,214847.260162602
"1281","NORTH ADMIRAL",1998,242349.267973856
"1282","NORTH ADMIRAL",1999,288201.735849057
"1283","NORTH ADMIRAL",2000,324598.327402135
"1284","NORTH ADMIRAL",2001,337371.5625
"1285","NORTH ADMIRAL",2002,368793.148550725
"1286","NORTH ADMIRAL",2003,376960.573529412
"1287","NORTH ADMIRAL",2004,434015.971153846
"1288","NORTH ADMIRAL",2005,466342.975177305
"1289","NORTH ADMIRAL",2006,561999.485294118
"1290","NORTH ADMIRAL",2007,597496.674528302
"1291","NORTH ADMIRAL",2008,557342.852760736
"1292","NORTH ADMIRAL",2009,491724.062015504
"1293","NORTH ADMIRAL",2010,467197.360946746
"1294","NORTH ADMIRAL",2011,477545.686746988
"1295","NORTH ADMIRAL",2012,493824.524509804
"1296","NORTH ADMIRAL",2013,516485.614718615
"1297","NORTH ADMIRAL",2014,600362.777310924
"1298","NORTH ADMIRAL",2015,665538.627659575
"1299","NORTH ADMIRAL",2016,726028.570815451
"1300","NORTH ADMIRAL",2017,792578.822727273
"1301","NORTH ADMIRAL",2018,849525.340909091
"1302","NORTH BEACON HILL",1976,12000
"1303","NORTH BEACON HILL",1979,12150
"1304","NORTH BEACON HILL",1982,53625
"1305","NORTH BEACON HILL",1983,60618.4210526316
"1306","NORTH BEACON HILL",1984,52423.6842105263
"1307","NORTH BEACON HILL",1985,60318.1818181818
"1308","NORTH BEACON HILL",1986,60467.8679245283
"1309","NORTH BEACON HILL",1987,62990.7692307692
"1310","NORTH BEACON HILL",1988,71709.3548387097
"1311","NORTH BEACON HILL",1989,76643.0666666667
"1312","NORTH BEACON HILL",1990,120362.068965517
"1313","NORTH BEACON HILL",1991,101981.216216216
"1314","NORTH BEACON HILL",1992,102059.901098901
"1315","NORTH BEACON HILL",1993,110750.510204082
"1316","NORTH BEACON HILL",1994,103864.607692308
"1317","NORTH BEACON HILL",1995,117014.622641509
"1318","NORTH BEACON HILL",1996,113549.172727273
"1319","NORTH BEACON HILL",1997,126636.026086957
"1320","NORTH BEACON HILL",1998,146067.506493506
"1321","NORTH BEACON HILL",1999,174889.466101695
"1322","NORTH BEACON HILL",2000,208238.720588235
"1323","NORTH BEACON HILL",2001,192868.364485981
"1324","NORTH BEACON HILL",2002,217040.396396396
"1325","NORTH BEACON HILL",2003,228810.765625
"1326","NORTH BEACON HILL",2004,261059.627586207
"1327","NORTH BEACON HILL",2005,306971.633986928
"1328","NORTH BEACON HILL",2006,360038.815384615
"1329","NORTH BEACON HILL",2007,350031.592920354
"1330","NORTH BEACON HILL",2008,401656.373134328
"1331","NORTH BEACON HILL",2009,340762.197368421
"1332","NORTH BEACON HILL",2010,335228.204819277
"1333","NORTH BEACON HILL",2011,291234.126760563
"1334","NORTH BEACON HILL",2012,279444.907216495
"1335","NORTH BEACON HILL",2013,329595.945736434
"1336","NORTH BEACON HILL",2014,391443.519736842
"1337","NORTH BEACON HILL",2015,492843.345679012
"1338","NORTH BEACON HILL",2016,562591.306358382
"1339","NORTH BEACON HILL",2017,658007.936170213
"1340","NORTH BEACON HILL",2018,752324.848275862
"1341","NORTH BEACON/JEFFERSON PARK",1972,3500
"1342","NORTH BEACON/JEFFERSON PARK",1983,50000
"1343","NORTH BEACON/JEFFERSON PARK",1984,20000
"1344","NORTH BEACON/JEFFERSON PARK",1985,32000
"1345","NORTH BEACON/JEFFERSON PARK",1987,41725
"1346","NORTH BEACON/JEFFERSON PARK",1988,58990
"1347","NORTH BEACON/JEFFERSON PARK",1989,55000
"1348","NORTH BEACON/JEFFERSON PARK",1991,833666.666666667
"1349","NORTH BEACON/JEFFERSON PARK",1992,62125
"1350","NORTH BEACON/JEFFERSON PARK",1993,66333.3333333333
"1351","NORTH BEACON/JEFFERSON PARK",1994,78661.75
"1352","NORTH BEACON/JEFFERSON PARK",1995,53322.5555555556
"1353","NORTH BEACON/JEFFERSON PARK",1996,95400.2352941177
"1354","NORTH BEACON/JEFFERSON PARK",1997,110593.75
"1355","NORTH BEACON/JEFFERSON PARK",1998,153317.173913043
"1356","NORTH BEACON/JEFFERSON PARK",1999,182520.75
"1357","NORTH BEACON/JEFFERSON PARK",2000,189440.714285714
"1358","NORTH BEACON/JEFFERSON PARK",2001,189064.5
"1359","NORTH BEACON/JEFFERSON PARK",2002,216800
"1360","NORTH BEACON/JEFFERSON PARK",2003,211942.125
"1361","NORTH BEACON/JEFFERSON PARK",2004,267535.714285714
"1362","NORTH BEACON/JEFFERSON PARK",2005,338794.444444444
"1363","NORTH BEACON/JEFFERSON PARK",2006,342750
"1364","NORTH BEACON/JEFFERSON PARK",2007,422975
"1365","NORTH BEACON/JEFFERSON PARK",2008,346652.857142857
"1366","NORTH BEACON/JEFFERSON PARK",2009,440333.333333333
"1367","NORTH BEACON/JEFFERSON PARK",2010,327908.333333333
"1368","NORTH BEACON/JEFFERSON PARK",2011,308328.5
"1369","NORTH BEACON/JEFFERSON PARK",2012,288993
"1370","NORTH BEACON/JEFFERSON PARK",2013,295000
"1371","NORTH BEACON/JEFFERSON PARK",2014,413800
"1372","NORTH BEACON/JEFFERSON PARK",2015,503793.333333333
"1373","NORTH BEACON/JEFFERSON PARK",2016,607250
"1374","NORTH BEACON/JEFFERSON PARK",2017,689013.75
"1375","NORTH BEACON/JEFFERSON PARK",2018,901750
"1376","NORTH CAPITOL HILL",1982,154750
"1377","NORTH CAPITOL HILL",1983,188187.5
"1378","NORTH CAPITOL HILL",1984,150416.666666667
"1379","NORTH CAPITOL HILL",1985,204428.571428571
"1380","NORTH CAPITOL HILL",1986,173122.222222222
"1381","NORTH CAPITOL HILL",1987,210464.285714286
"1382","NORTH CAPITOL HILL",1988,245576.666666667
"1383","NORTH CAPITOL HILL",1989,308666.666666667
"1384","NORTH CAPITOL HILL",1990,432178.571428571
"1385","NORTH CAPITOL HILL",1991,453500
"1386","NORTH CAPITOL HILL",1992,339487.675
"1387","NORTH CAPITOL HILL",1993,377991.468085106
"1388","NORTH CAPITOL HILL",1994,477370.212765957
"1389","NORTH CAPITOL HILL",1995,379365.714285714
"1390","NORTH CAPITOL HILL",1996,428448.456521739
"1391","NORTH CAPITOL HILL",1997,402651.115384615
"1392","NORTH CAPITOL HILL",1998,559052.74
"1393","NORTH CAPITOL HILL",1999,662398.216666667
"1394","NORTH CAPITOL HILL",2000,744764.234042553
"1395","NORTH CAPITOL HILL",2001,937428.947368421
"1396","NORTH CAPITOL HILL",2002,730355.621621622
"1397","NORTH CAPITOL HILL",2003,765719.175
"1398","NORTH CAPITOL HILL",2004,942168.75
"1399","NORTH CAPITOL HILL",2005,1031347.75925926
"1400","NORTH CAPITOL HILL",2006,1055985.28571429
"1401","NORTH CAPITOL HILL",2007,1143335.36363636
"1402","NORTH CAPITOL HILL",2008,1104067.2
"1403","NORTH CAPITOL HILL",2009,1144377.57894737
"1404","NORTH CAPITOL HILL",2010,1119263.11764706
"1405","NORTH CAPITOL HILL",2011,858985.181818182
"1406","NORTH CAPITOL HILL",2012,910233.870967742
"1407","NORTH CAPITOL HILL",2013,1046919.60526316
"1408","NORTH CAPITOL HILL",2014,1520309.90625
"1409","NORTH CAPITOL HILL",2015,1182507.57575758
"1410","NORTH CAPITOL HILL",2016,1187163.69230769
"1411","NORTH CAPITOL HILL",2017,1449067.19298246
"1412","NORTH CAPITOL HILL",2018,1498105.30612245
"1413","NORTH DELRIDGE",1982,76890.5714285714
"1414","NORTH DELRIDGE",1983,43145.4545454545
"1415","NORTH DELRIDGE",1984,48762.5
"1416","NORTH DELRIDGE",1985,46375
"1417","NORTH DELRIDGE",1986,65905.2631578947
"1418","NORTH DELRIDGE",1987,66507.7931034483
"1419","NORTH DELRIDGE",1988,55253.3181818182
"1420","NORTH DELRIDGE",1989,82044.8958333333
"1421","NORTH DELRIDGE",1990,88983.6363636364
"1422","NORTH DELRIDGE",1991,113979.821428571
"1423","NORTH DELRIDGE",1992,98580.96875
"1424","NORTH DELRIDGE",1993,101110.990566038
"1425","NORTH DELRIDGE",1994,96458.5454545455
"1426","NORTH DELRIDGE",1995,101865.254716981
"1427","NORTH DELRIDGE",1996,107420.085106383
"1428","NORTH DELRIDGE",1997,115061.491071429
"1429","NORTH DELRIDGE",1998,119555.1953125
"1430","NORTH DELRIDGE",1999,138926.277777778
"1431","NORTH DELRIDGE",2000,151652.788617886
"1432","NORTH DELRIDGE",2001,165794.873417722
"1433","NORTH DELRIDGE",2002,198075.808695652
"1434","NORTH DELRIDGE",2003,198849.222222222
"1435","NORTH DELRIDGE",2004,230342.721804511
"1436","NORTH DELRIDGE",2005,272173.962732919
"1437","NORTH DELRIDGE",2006,325964.340136054
"1438","NORTH DELRIDGE",2007,373384.532786885
"1439","NORTH DELRIDGE",2008,302422.054794521
"1440","NORTH DELRIDGE",2009,271993.769230769
"1441","NORTH DELRIDGE",2010,265220.85106383
"1442","NORTH DELRIDGE",2011,225959.066666667
"1443","NORTH DELRIDGE",2012,243538.175675676
"1444","NORTH DELRIDGE",2013,269733.566666667
"1445","NORTH DELRIDGE",2014,319703.185185185
"1446","NORTH DELRIDGE",2015,383719.764705882
"1447","NORTH DELRIDGE",2016,449642.020689655
"1448","NORTH DELRIDGE",2017,543974.236842105
"1449","NORTH DELRIDGE",2018,617453.656
"1450","NORTHGATE",1973,13000
"1451","NORTHGATE",1975,7700
"1452","NORTHGATE",1981,57500
"1453","NORTHGATE",1982,76060.303030303
"1454","NORTHGATE",1983,73236.5079365079
"1455","NORTHGATE",1984,78919.1463414634
"1456","NORTHGATE",1985,77336.1028037383
"1457","NORTHGATE",1986,1851320.86086957
"1458","NORTHGATE",1987,78897.7477477478
"1459","NORTHGATE",1988,94782.9203539823
"1460","NORTHGATE",1989,109658.509433962
"1461","NORTHGATE",1990,147056.723214286
"1462","NORTHGATE",1991,143983.88590604
"1463","NORTHGATE",1992,136123.085510689
"1464","NORTHGATE",1993,138097.612612613
"1465","NORTHGATE",1994,139359.591687042
"1466","NORTHGATE",1995,143944.890995261
"1467","NORTHGATE",1996,150664.477477477
"1468","NORTHGATE",1997,162703.913907285
"1469","NORTHGATE",1998,183949.758747698
"1470","NORTHGATE",1999,217923.678496868
"1471","NORTHGATE",2000,234021.492027335
"1472","NORTHGATE",2001,252273.322939866
"1473","NORTHGATE",2002,260715.791512915
"1474","NORTHGATE",2003,270117.221590909
"1475","NORTHGATE",2004,301164.149618321
"1476","NORTHGATE",2005,355135.237717908
"1477","NORTHGATE",2006,398811.195171026
"1478","NORTHGATE",2007,406312.861985472
"1479","NORTHGATE",2008,398851.32155477
"1480","NORTHGATE",2009,382105.061371841
"1481","NORTHGATE",2010,336156.995901639
"1482","NORTHGATE",2011,330424.76284585
"1483","NORTHGATE",2012,352354.14
"1484","NORTHGATE",2013,393410.009478673
"1485","NORTHGATE",2014,423657.185031185
"1486","NORTHGATE",2015,471899.787946429
"1487","NORTHGATE",2016,563731.197674419
"1488","NORTHGATE",2017,641571.659388646
"1489","NORTHGATE",2018,730888.579881657
"1490","PHINNEY RIDGE",1977,16725
"1491","PHINNEY RIDGE",1981,76000
"1492","PHINNEY RIDGE",1982,78163.75
"1493","PHINNEY RIDGE",1983,84099.84375
"1494","PHINNEY RIDGE",1984,73177.6315789474
"1495","PHINNEY RIDGE",1985,80275.8055555556
"1496","PHINNEY RIDGE",1986,81763.6206896552
"1497","PHINNEY RIDGE",1987,94988.3561643836
"1498","PHINNEY RIDGE",1988,100898.537313433
"1499","PHINNEY RIDGE",1989,122145.691176471
"1500","PHINNEY RIDGE",1990,168952.384615385
"1501","PHINNEY RIDGE",1991,152959.085714286
"1502","PHINNEY RIDGE",1992,157968.551111111
"1503","PHINNEY RIDGE",1993,153965.837837838
"1504","PHINNEY RIDGE",1994,162364.401960784
"1505","PHINNEY RIDGE",1995,168401.4375
"1506","PHINNEY RIDGE",1996,184180.013986014
"1507","PHINNEY RIDGE",1997,202604.328502415
"1508","PHINNEY RIDGE",1998,238187.606060606
"1509","PHINNEY RIDGE",1999,262192.471615721
"1510","PHINNEY RIDGE",2000,320280.661764706
"1511","PHINNEY RIDGE",2001,308056.848167539
"1512","PHINNEY RIDGE",2002,344068.327731092
"1513","PHINNEY RIDGE",2003,365315.348258706
"1514","PHINNEY RIDGE",2004,426236.21182266
"1515","PHINNEY RIDGE",2005,470180.953608247
"1516","PHINNEY RIDGE",2006,538161.35828877
"1517","PHINNEY RIDGE",2007,576972.032467532
"1518","PHINNEY RIDGE",2008,570355.904761905
"1519","PHINNEY RIDGE",2009,522472.321428571
"1520","PHINNEY RIDGE",2010,510630.061946903
"1521","PHINNEY RIDGE",2011,472794.114285714
"1522","PHINNEY RIDGE",2012,501301.023622047
"1523","PHINNEY RIDGE",2013,578882.810126582
"1524","PHINNEY RIDGE",2014,627081.706293706
"1525","PHINNEY RIDGE",2015,820607.014388489
"1526","PHINNEY RIDGE",2016,778817.465277778
"1527","PHINNEY RIDGE",2017,903389.096
"1528","PHINNEY RIDGE",2018,1006860.64566929
"1529","PIGEON POINT",1982,33500
"1530","PIGEON POINT",1983,93070
"1531","PIGEON POINT",1984,31854.5
"1532","PIGEON POINT",1985,46000
"1533","PIGEON POINT",1986,50125
"1534","PIGEON POINT",1987,42545
"1535","PIGEON POINT",1988,42340
"1536","PIGEON POINT",1989,69064.2857142857
"1537","PIGEON POINT",1990,111583.333333333
"1538","PIGEON POINT",1991,142842.5
"1539","PIGEON POINT",1992,102638.173913043
"1540","PIGEON POINT",1993,84690.0666666667
"1541","PIGEON POINT",1994,102382.421052632
"1542","PIGEON POINT",1995,85045.2857142857
"1543","PIGEON POINT",1996,131205.44
"1544","PIGEON POINT",1997,115631.347826087
"1545","PIGEON POINT",1998,120785.027777778
"1546","PIGEON POINT",1999,154289.871794872
"1547","PIGEON POINT",2000,175365.048780488
"1548","PIGEON POINT",2001,164851.620689655
"1549","PIGEON POINT",2002,211269.545454545
"1550","PIGEON POINT",2003,205954.317073171
"1551","PIGEON POINT",2004,261452.777777778
"1552","PIGEON POINT",2005,303517.068181818
"1553","PIGEON POINT",2006,265931
"1554","PIGEON POINT",2007,316141.918918919
"1555","PIGEON POINT",2008,285948.842105263
"1556","PIGEON POINT",2009,322522.5
"1557","PIGEON POINT",2010,340380.421052632
"1558","PIGEON POINT",2011,299907.777777778
"1559","PIGEON POINT",2012,329668.935483871
"1560","PIGEON POINT",2013,459674.804878049
"1561","PIGEON POINT",2014,269141.071428571
"1562","PIGEON POINT",2015,687901.833333333
"1563","PIGEON POINT",2016,451628.724137931
"1564","PIGEON POINT",2017,628361.769230769
"1565","PIGEON POINT",2018,614924.755555556
"1566","QUEEN ANNE",1966,19000
"1567","QUEEN ANNE",1971,15000
"1568","QUEEN ANNE",1982,96960.1063829787
"1569","QUEEN ANNE",1983,106103.030769231
"1570","QUEEN ANNE",1984,145093.981481481
"1571","QUEEN ANNE",1985,120181.768292683
"1572","QUEEN ANNE",1986,129732.09
"1573","QUEEN ANNE",1987,123148.23255814
"1574","QUEEN ANNE",1988,133761.531914894
"1575","QUEEN ANNE",1989,182977.087378641
"1576","QUEEN ANNE",1990,230068.75
"1577","QUEEN ANNE",1991,260091.731182796
"1578","QUEEN ANNE",1992,248963.936708861
"1579","QUEEN ANNE",1993,231764.829652997
"1580","QUEEN ANNE",1994,241156.823529412
"1581","QUEEN ANNE",1995,253691.799342105
"1582","QUEEN ANNE",1996,259620.844875346
"1583","QUEEN ANNE",1997,302979.400552486
"1584","QUEEN ANNE",1998,372856.511688312
"1585","QUEEN ANNE",1999,404420.672680412
"1586","QUEEN ANNE",2000,511042.787172012
"1587","QUEEN ANNE",2001,507689.771875
"1588","QUEEN ANNE",2002,484484.138888889
"1589","QUEEN ANNE",2003,519188.363636364
"1590","QUEEN ANNE",2004,560500.651658768
"1591","QUEEN ANNE",2005,682363.034965035
"1592","QUEEN ANNE",2006,760781.763736264
"1593","QUEEN ANNE",2007,861132.182724252
"1594","QUEEN ANNE",2008,827993.963302752
"1595","QUEEN ANNE",2009,719375.796380091
"1596","QUEEN ANNE",2010,765906.268867925
"1597","QUEEN ANNE",2011,722045.178899083
"1598","QUEEN ANNE",2012,756173.75257732
"1599","QUEEN ANNE",2013,790000.808259587
"1600","QUEEN ANNE",2014,939689.438848921
"1601","QUEEN ANNE",2015,1026985.71428571
"1602","QUEEN ANNE",2016,1128201.74193548
"1603","QUEEN ANNE",2017,1140218.10051546
"1604","QUEEN ANNE",2018,1370414.33566434
"1605","RAINIER BEACH",1982,11600
"1606","RAINIER BEACH",1983,129000
"1607","RAINIER BEACH",1984,70125.7142857143
"1608","RAINIER BEACH",1985,66961.5384615385
"1609","RAINIER BEACH",1986,73284.2857142857
"1610","RAINIER BEACH",1987,55541.6666666667
"1611","RAINIER BEACH",1988,56433.3333333333
"1612","RAINIER BEACH",1989,80995.5384615385
"1613","RAINIER BEACH",1990,90357.1428571429
"1614","RAINIER BEACH",1991,142880.769230769
"1615","RAINIER BEACH",1992,101036.145454545
"1616","RAINIER BEACH",1993,113350.32
"1617","RAINIER BEACH",1994,121308.58490566
"1618","RAINIER BEACH",1995,97226.2195121951
"1619","RAINIER BEACH",1996,150424.315789474
"1620","RAINIER BEACH",1997,154525.301587302
"1621","RAINIER BEACH",1998,192642.052631579
"1622","RAINIER BEACH",1999,252708.571428571
"1623","RAINIER BEACH",2000,183936.378378378
"1624","RAINIER BEACH",2001,217403.925925926
"1625","RAINIER BEACH",2002,210177
"1626","RAINIER BEACH",2003,239095.088235294
"1627","RAINIER BEACH",2004,282802.375
"1628","RAINIER BEACH",2005,366063.072289157
"1629","RAINIER BEACH",2006,423589.16
"1630","RAINIER BEACH",2007,350980.183673469
"1631","RAINIER BEACH",2008,366895.419354839
"1632","RAINIER BEACH",2009,280173.413793103
"1633","RAINIER BEACH",2010,322521.212121212
"1634","RAINIER BEACH",2011,289367.2
"1635","RAINIER BEACH",2012,241977.526315789
"1636","RAINIER BEACH",2013,255054.92
"1637","RAINIER BEACH",2014,333161.160714286
"1638","RAINIER BEACH",2015,419219.74137931
"1639","RAINIER BEACH",2016,407567.634920635
"1640","RAINIER BEACH",2017,477091.385714286
"1641","RAINIER BEACH",2018,534159.354166667
"1642","RAINIER VIEW",1981,20250
"1643","RAINIER VIEW",1982,57491.8888888889
"1644","RAINIER VIEW",1983,68575.84375
"1645","RAINIER VIEW",1984,68735
"1646","RAINIER VIEW",1985,63661.8421052632
"1647","RAINIER VIEW",1986,77989.2407407407
"1648","RAINIER VIEW",1987,68173.813559322
"1649","RAINIER VIEW",1988,78585.8979591837
"1650","RAINIER VIEW",1989,94993.7777777778
"1651","RAINIER VIEW",1990,108585.085714286
"1652","RAINIER VIEW",1991,109867.7
"1653","RAINIER VIEW",1992,110821.017647059
"1654","RAINIER VIEW",1993,111610.781456954
"1655","RAINIER VIEW",1994,112983.606060606
"1656","RAINIER VIEW",1995,112237.413612565
"1657","RAINIER VIEW",1996,120227.169902913
"1658","RAINIER VIEW",1997,137339.418181818
"1659","RAINIER VIEW",1998,151819.661971831
"1660","RAINIER VIEW",1999,172642.23553719
"1661","RAINIER VIEW",2000,184220.195652174
"1662","RAINIER VIEW",2001,211206.422222222
"1663","RAINIER VIEW",2002,201564.984536082
"1664","RAINIER VIEW",2003,229750.169960474
"1665","RAINIER VIEW",2004,252478.493670886
"1666","RAINIER VIEW",2005,283405.279245283
"1667","RAINIER VIEW",2006,357412.910852713
"1668","RAINIER VIEW",2007,366577.767567568
"1669","RAINIER VIEW",2008,334433.142857143
"1670","RAINIER VIEW",2009,269521.408
"1671","RAINIER VIEW",2010,309287.198347107
"1672","RAINIER VIEW",2011,224337.924242424
"1673","RAINIER VIEW",2012,226101.2
"1674","RAINIER VIEW",2013,260086.515625
"1675","RAINIER VIEW",2014,290392.591623037
"1676","RAINIER VIEW",2015,306400.918032787
"1677","RAINIER VIEW",2016,381952.080188679
"1678","RAINIER VIEW",2017,475249.323671498
"1679","RAINIER VIEW",2018,513842.954545455
"1680","ROOSEVELT/RAVENNA",1981,56000
"1681","ROOSEVELT/RAVENNA",1982,73769.3770491803
"1682","ROOSEVELT/RAVENNA",1983,84411.6
"1683","ROOSEVELT/RAVENNA",1984,76002.8469387755
"1684","ROOSEVELT/RAVENNA",1985,87146.1681415929
"1685","ROOSEVELT/RAVENNA",1986,90907.6857142857
"1686","ROOSEVELT/RAVENNA",1987,94909.3846153846
"1687","ROOSEVELT/RAVENNA",1988,101685.634328358
"1688","ROOSEVELT/RAVENNA",1989,131056.383561644
"1689","ROOSEVELT/RAVENNA",1990,169683.456896552
"1690","ROOSEVELT/RAVENNA",1991,158871.130718954
"1691","ROOSEVELT/RAVENNA",1992,165101.907662083
"1692","ROOSEVELT/RAVENNA",1993,161840.908141962
"1693","ROOSEVELT/RAVENNA",1994,174629.765909091
"1694","ROOSEVELT/RAVENNA",1995,176984.897755611
"1695","ROOSEVELT/RAVENNA",1996,185562.865509761
"1696","ROOSEVELT/RAVENNA",1997,208366.133458647
"1697","ROOSEVELT/RAVENNA",1998,242451.192644483
"1698","ROOSEVELT/RAVENNA",1999,280162.110056926
"1699","ROOSEVELT/RAVENNA",2000,308617.911417323
"1700","ROOSEVELT/RAVENNA",2001,322480.115686274
"1701","ROOSEVELT/RAVENNA",2002,334858.340466926
"1702","ROOSEVELT/RAVENNA",2003,354631.88700565
"1703","ROOSEVELT/RAVENNA",2004,415651.093289689
"1704","ROOSEVELT/RAVENNA",2005,461028.388990826
"1705","ROOSEVELT/RAVENNA",2006,528552.864035088
"1706","ROOSEVELT/RAVENNA",2007,601343.923809524
"1707","ROOSEVELT/RAVENNA",2008,568088.274834437
"1708","ROOSEVELT/RAVENNA",2009,486577.936877076
"1709","ROOSEVELT/RAVENNA",2010,466346.189710611
"1710","ROOSEVELT/RAVENNA",2011,478366.086261981
"1711","ROOSEVELT/RAVENNA",2012,494876.08401084
"1712","ROOSEVELT/RAVENNA",2013,578066.988399072
"1713","ROOSEVELT/RAVENNA",2014,741319.055555556
"1714","ROOSEVELT/RAVENNA",2015,699507.813432836
"1715","ROOSEVELT/RAVENNA",2016,812106.389162562
"1716","ROOSEVELT/RAVENNA",2017,903556.450632911
"1717","ROOSEVELT/RAVENNA",2018,924027.44295302
"1718","ROXHILL/WESTWOOD/ARBOR HEIGHTS",1955,9500
"1719","ROXHILL/WESTWOOD/ARBOR HEIGHTS",1964,12950
"1720","ROXHILL/WESTWOOD/ARBOR HEIGHTS",1969,6500
"1721","ROXHILL/WESTWOOD/ARBOR HEIGHTS",1982,59678.8461538462
"1722","ROXHILL/WESTWOOD/ARBOR HEIGHTS",1983,62795.7142857143
"1723","ROXHILL/WESTWOOD/ARBOR HEIGHTS",1984,63435.7272727273
"1724","ROXHILL/WESTWOOD/ARBOR HEIGHTS",1985,70903.0377358491
"1725","ROXHILL/WESTWOOD/ARBOR HEIGHTS",1986,71147.7205882353
"1726","ROXHILL/WESTWOOD/ARBOR HEIGHTS",1987,69821.3648648649
"1727","ROXHILL/WESTWOOD/ARBOR HEIGHTS",1988,74388.4615384615
"1728","ROXHILL/WESTWOOD/ARBOR HEIGHTS",1989,95843.2435897436
"1729","ROXHILL/WESTWOOD/ARBOR HEIGHTS",1990,128663.098360656
"1730","ROXHILL/WESTWOOD/ARBOR HEIGHTS",1991,132358.552631579
"1731","ROXHILL/WESTWOOD/ARBOR HEIGHTS",1992,111434.275423729
"1732","ROXHILL/WESTWOOD/ARBOR HEIGHTS",1993,110807.881578947
"1733","ROXHILL/WESTWOOD/ARBOR HEIGHTS",1994,115840.522123894
"1734","ROXHILL/WESTWOOD/ARBOR HEIGHTS",1995,121639.083333333
"1735","ROXHILL/WESTWOOD/ARBOR HEIGHTS",1996,129830.25498008
"1736","ROXHILL/WESTWOOD/ARBOR HEIGHTS",1997,134178.721611722
"1737","ROXHILL/WESTWOOD/ARBOR HEIGHTS",1998,154673.475
"1738","ROXHILL/WESTWOOD/ARBOR HEIGHTS",1999,175737.884476534
"1739","ROXHILL/WESTWOOD/ARBOR HEIGHTS",2000,193870.296296296
"1740","ROXHILL/WESTWOOD/ARBOR HEIGHTS",2001,211029.14559387
"1741","ROXHILL/WESTWOOD/ARBOR HEIGHTS",2002,212575.071428571
"1742","ROXHILL/WESTWOOD/ARBOR HEIGHTS",2003,248220.121019108
"1743","ROXHILL/WESTWOOD/ARBOR HEIGHTS",2004,256998.353982301
"1744","ROXHILL/WESTWOOD/ARBOR HEIGHTS",2005,323756.95821727
"1745","ROXHILL/WESTWOOD/ARBOR HEIGHTS",2006,366432.70845481
"1746","ROXHILL/WESTWOOD/ARBOR HEIGHTS",2007,382108.81512605
"1747","ROXHILL/WESTWOOD/ARBOR HEIGHTS",2008,341502.832335329
"1748","ROXHILL/WESTWOOD/ARBOR HEIGHTS",2009,333746.9875
"1749","ROXHILL/WESTWOOD/ARBOR HEIGHTS",2010,308658.819444444
"1750","ROXHILL/WESTWOOD/ARBOR HEIGHTS",2011,255603.037974684
"1751","ROXHILL/WESTWOOD/ARBOR HEIGHTS",2012,285736.218274112
"1752","ROXHILL/WESTWOOD/ARBOR HEIGHTS",2013,291736.090909091
"1753","ROXHILL/WESTWOOD/ARBOR HEIGHTS",2014,347168.05952381
"1754","ROXHILL/WESTWOOD/ARBOR HEIGHTS",2015,398859.272727273
"1755","ROXHILL/WESTWOOD/ARBOR HEIGHTS",2016,432929.983766234
"1756","ROXHILL/WESTWOOD/ARBOR HEIGHTS",2017,540523.385214008
"1757","ROXHILL/WESTWOOD/ARBOR HEIGHTS",2018,571476.427884615
"1758","SANDPOINT",1981,114978.25
"1759","SANDPOINT",1982,125644.05952381
"1760","SANDPOINT",1983,137917.3359375
"1761","SANDPOINT",1984,117985.132450331
"1762","SANDPOINT",1985,131525.169491525
"1763","SANDPOINT",1986,133138.995983936
"1764","SANDPOINT",1987,147839.054726368
"1765","SANDPOINT",1988,148915.281914894
"1766","SANDPOINT",1989,179959.483471074
"1767","SANDPOINT",1990,234370.956989247
"1768","SANDPOINT",1991,283304.825327511
"1769","SANDPOINT",1992,215852.626865672
"1770","SANDPOINT",1993,220628.11092437
"1771","SANDPOINT",1994,226550.726510067
"1772","SANDPOINT",1995,243883.742857143
"1773","SANDPOINT",1996,253503.583881579
"1774","SANDPOINT",1997,274695.078651685
"1775","SANDPOINT",1998,331245.252348993
"1776","SANDPOINT",1999,358233.949764521
"1777","SANDPOINT",2000,423654.386106624
"1778","SANDPOINT",2001,409160.69823435
"1779","SANDPOINT",2002,423932.686567164
"1780","SANDPOINT",2003,430635.698309493
"1781","SANDPOINT",2004,516877.482023968
"1782","SANDPOINT",2005,606470.104774536
"1783","SANDPOINT",2006,671508.772012579
"1784","SANDPOINT",2007,733156.295221843
"1785","SANDPOINT",2008,730327.756944444
"1786","SANDPOINT",2009,710943.085011186
"1787","SANDPOINT",2010,682372.612903226
"1788","SANDPOINT",2011,620287.596446701
"1789","SANDPOINT",2012,636061.260784314
"1790","SANDPOINT",2013,703965.188785047
"1791","SANDPOINT",2014,719406.128158845
"1792","SANDPOINT",2015,864669.89137931
"1793","SANDPOINT",2016,999470.458609272
"1794","SANDPOINT",2017,1023870.23415493
"1795","SANDPOINT",2018,1232199.53781513
"1796","SLU/CASCADE",2002,440000
"1797","SLU/CASCADE",2008,2150000
"1798","SLU/CASCADE",2014,10256966.3333333
"1799","SLU/CASCADE",2017,268940438
"1800","SLU/CASCADE",2018,1250000
"1801","SOUTH BEACON HILL",1982,43757.5
"1802","SOUTH BEACON HILL",1983,57875
"1803","SOUTH BEACON HILL",1984,63028.5714285714
"1804","SOUTH BEACON HILL",1985,55282.9166666667
"1805","SOUTH BEACON HILL",1986,58113.3333333333
"1806","SOUTH BEACON HILL",1987,69656.25
"1807","SOUTH BEACON HILL",1988,63424.0909090909
"1808","SOUTH BEACON HILL",1989,73901.9230769231
"1809","SOUTH BEACON HILL",1990,88842.5
"1810","SOUTH BEACON HILL",1991,110496.074074074
"1811","SOUTH BEACON HILL",1992,112331.524271845
"1812","SOUTH BEACON HILL",1993,99984.5142857143
"1813","SOUTH BEACON HILL",1994,93287.3797468354
"1814","SOUTH BEACON HILL",1995,100096.550561798
"1815","SOUTH BEACON HILL",1996,116446.647887324
"1816","SOUTH BEACON HILL",1997,119504.520833333
"1817","SOUTH BEACON HILL",1998,136953.857142857
"1818","SOUTH BEACON HILL",1999,152844.714285714
"1819","SOUTH BEACON HILL",2000,160512.6875
"1820","SOUTH BEACON HILL",2001,182780.208955224
"1821","SOUTH BEACON HILL",2002,193778.75
"1822","SOUTH BEACON HILL",2003,213743.411214953
"1823","SOUTH BEACON HILL",2004,231289.904761905
"1824","SOUTH BEACON HILL",2005,269834.52
"1825","SOUTH BEACON HILL",2006,300637.258426966
"1826","SOUTH BEACON HILL",2007,330426.333333333
"1827","SOUTH BEACON HILL",2008,288287.238095238
"1828","SOUTH BEACON HILL",2009,250584.425
"1829","SOUTH BEACON HILL",2010,242404.5
"1830","SOUTH BEACON HILL",2011,210749.169491525
"1831","SOUTH BEACON HILL",2012,194900.220338983
"1832","SOUTH BEACON HILL",2013,225168.08
"1833","SOUTH BEACON HILL",2014,276048.733333333
"1834","SOUTH BEACON HILL",2015,314389.911111111
"1835","SOUTH BEACON HILL",2016,356381.788990826
"1836","SOUTH BEACON HILL",2017,412789.46875
"1837","SOUTH BEACON HILL",2018,524319.203125
"1838","SOUTH PARK",1977,32500
"1839","SOUTH PARK",1982,36055.25
"1840","SOUTH PARK",1983,49000
"1841","SOUTH PARK",1984,36500
"1842","SOUTH PARK",1985,38500
"1843","SOUTH PARK",1986,48012.3684210526
"1844","SOUTH PARK",1987,40950
"1845","SOUTH PARK",1988,50808.3333333333
"1846","SOUTH PARK",1989,51722.2222222222
"1847","SOUTH PARK",1990,61010.9375
"1848","SOUTH PARK",1991,76162.5
"1849","SOUTH PARK",1992,63671.9047619048
"1850","SOUTH PARK",1993,72130.7
"1851","SOUTH PARK",1994,67047.9516129032
"1852","SOUTH PARK",1995,73682.3958333333
"1853","SOUTH PARK",1996,149784.057971014
"1854","SOUTH PARK",1997,110047.041666667
"1855","SOUTH PARK",1998,91203.25
"1856","SOUTH PARK",1999,111061.336956522
"1857","SOUTH PARK",2000,133984.608108108
"1858","SOUTH PARK",2001,158819.791666667
"1859","SOUTH PARK",2002,152921.784313725
"1860","SOUTH PARK",2003,170789.414634146
"1861","SOUTH PARK",2004,196451.438202247
"1862","SOUTH PARK",2005,237011.757575758
"1863","SOUTH PARK",2006,266562.956521739
"1864","SOUTH PARK",2007,278990.833333333
"1865","SOUTH PARK",2008,272816.435897436
"1866","SOUTH PARK",2009,229770.119047619
"1867","SOUTH PARK",2010,220763.4
"1868","SOUTH PARK",2011,158795.05
"1869","SOUTH PARK",2012,152705.897959184
"1870","SOUTH PARK",2013,178181.534883721
"1871","SOUTH PARK",2014,211407.540983607
"1872","SOUTH PARK",2015,231649.116666667
"1873","SOUTH PARK",2016,372303.182926829
"1874","SOUTH PARK",2017,355791.136986301
"1875","SOUTH PARK",2018,426102.761904762
"1876","UNIVERSITY",1982,112265
"1877","UNIVERSITY",1983,87194.4444444444
"1878","UNIVERSITY",1984,88783.3333333333
"1879","UNIVERSITY",1985,81433.3333333333
"1880","UNIVERSITY",1986,92673.0588235294
"1881","UNIVERSITY",1987,84122.25
"1882","UNIVERSITY",1988,144625
"1883","UNIVERSITY",1989,140977.272727273
"1884","UNIVERSITY",1990,176958.333333333
"1885","UNIVERSITY",1991,194634.5625
"1886","UNIVERSITY",1992,177027.839285714
"1887","UNIVERSITY",1993,174972.639344262
"1888","UNIVERSITY",1994,172967.051724138
"1889","UNIVERSITY",1995,181976.485714286
"1890","UNIVERSITY",1996,257625
"1891","UNIVERSITY",1997,207319.571428571
"1892","UNIVERSITY",1998,271851.5
"1893","UNIVERSITY",1999,258032.285714286
"1894","UNIVERSITY",2000,335345.484375
"1895","UNIVERSITY",2001,320938.347222222
"1896","UNIVERSITY",2002,341886.694444444
"1897","UNIVERSITY",2003,331304.0625
"1898","UNIVERSITY",2004,408971.365591398
"1899","UNIVERSITY",2005,472813.52688172
"1900","UNIVERSITY",2006,513365.34375
"1901","UNIVERSITY",2007,558400
"1902","UNIVERSITY",2008,635130.678571429
"1903","UNIVERSITY",2009,520702.903225806
"1904","UNIVERSITY",2010,446510.909090909
"1905","UNIVERSITY",2011,488985.576923077
"1906","UNIVERSITY",2012,518487.274509804
"1907","UNIVERSITY",2013,702475.293103448
"1908","UNIVERSITY",2014,601425
"1909","UNIVERSITY",2015,833658.117647059
"1910","UNIVERSITY",2016,902801.595744681
"1911","UNIVERSITY",2017,1086007.27419355
"1912","UNIVERSITY",2018,1017114.84782609
"1913","WALLINGFORD",1981,62583.3333333333
"1914","WALLINGFORD",1982,76897.6578947368
"1915","WALLINGFORD",1983,79203.4090909091
"1916","WALLINGFORD",1984,71148.4193548387
"1917","WALLINGFORD",1985,76494.7763157895
"1918","WALLINGFORD",1986,81117.3977272727
"1919","WALLINGFORD",1987,90593.4470588235
"1920","WALLINGFORD",1988,106114.23943662
"1921","WALLINGFORD",1989,125390.6375
"1922","WALLINGFORD",1990,188302.459016393
"1923","WALLINGFORD",1991,175412.790697674
"1924","WALLINGFORD",1992,160824.031496063
"1925","WALLINGFORD",1993,163617.093117409
"1926","WALLINGFORD",1994,166694.104265403
"1927","WALLINGFORD",1995,181998.877934272
"1928","WALLINGFORD",1996,189647.513513514
"1929","WALLINGFORD",1997,212058.718411552
"1930","WALLINGFORD",1998,255837.266159696
"1931","WALLINGFORD",1999,278331.243421053
"1932","WALLINGFORD",2000,323270.391143911
"1933","WALLINGFORD",2001,362868.556390977
"1934","WALLINGFORD",2002,351611.264367816
"1935","WALLINGFORD",2003,381115.262458472
"1936","WALLINGFORD",2004,435099.58044164
"1937","WALLINGFORD",2005,498716.244680851
"1938","WALLINGFORD",2006,563961.014760148
"1939","WALLINGFORD",2007,611532.188073394
"1940","WALLINGFORD",2008,579565.325443787
"1941","WALLINGFORD",2009,534447.809523809
"1942","WALLINGFORD",2010,556925.949640288
"1943","WALLINGFORD",2011,520401.843971631
"1944","WALLINGFORD",2012,563170.715116279
"1945","WALLINGFORD",2013,614037.75
"1946","WALLINGFORD",2014,702359.280612245
"1947","WALLINGFORD",2015,700302.595238095
"1948","WALLINGFORD",2016,865983.957943925
"1949","WALLINGFORD",2017,938941.668367347
"1950","WALLINGFORD",2018,1034533.06629834
"1951",NA,1934,125000
"1952",NA,1954,1080
"1953",NA,1959,12250
"1954",NA,1960,2433.33333333333
"1955",NA,1962,9448.66666666667
"1956",NA,1963,16500
"1957",NA,1964,9465
"1958",NA,1965,10913.6
"1959",NA,1966,20333.3333333333
"1960",NA,1967,16312.5
"1961",NA,1968,15433.3333333333
"1962",NA,1969,9426.28571428571
"1963",NA,1970,13250
"1964",NA,1971,14050
"1965",NA,1972,22333.3333333333
"1966",NA,1973,15526.6666666667
"1967",NA,1974,12220.8
"1968",NA,1975,30147.5
"1969",NA,1976,19506.875
"1970",NA,1977,7975.9375
"1971",NA,1978,41366.5384615385
"1972",NA,1979,37749.1666666667
"1973",NA,1980,43659.6315789474
"1974",NA,1981,176864.92481203
"1975",NA,1982,148034.163187856
"1976",NA,1983,233210.113063063
"1977",NA,1984,280742.168981961
"1978",NA,1985,318027.320324642
"1979",NA,1986,444918.88481878
"1980",NA,1987,135228.224508519
"1981",NA,1988,186156.136264004
"1982",NA,1989,280450.969702744
"1983",NA,1990,340978.900720663
"1984",NA,1991,254332.957957958
"1985",NA,1992,283688.45224101
"1986",NA,1993,372667.984008657
"1987",NA,1994,296554.248835305
"1988",NA,1995,288531.929879526
"1989",NA,1996,378303.663060943
"1990",NA,1997,622919.75671898
"1991",NA,1998,572048.077918521
"1992",NA,1999,490312.979432165
"1993",NA,2000,561971.948875256
"1994",NA,2001,577417.111655107
"1995",NA,2002,781525.185399414
"1996",NA,2003,1496550.74246942
"1997",NA,2004,913454.417686754
"1998",NA,2005,1024547.50381429
"1999",NA,2006,1029135.43485061
"2000",NA,2007,1251470.40260663
"2001",NA,2008,913143.589365633
"2002",NA,2009,675828.046926103
"2003",NA,2010,1377394.59872923
"2004",NA,2011,997424.704629745
"2005",NA,2012,1244396.35921601
"2006",NA,2013,3970197.3834901
"2007",NA,2014,1111921.91449936
"2008",NA,2015,2697982.65800429
"2009",NA,2016,1304158.73944337
"2010",NA,2017,1261708.98278834
"2011",NA,2018,1220368.61511673
"2012",NA,2021,795000
